MP URI;HP URI;jaccardSimilarity;sigmoidSimilarity;cosineSimilarity;jaccardSubtree;cosineSubtree;descendantsEvaluation;hasLoop;silverMapping;ourScore
http://purl.obolibrary.org/obo/MP_0011775;http://purl.obolibrary.org/obo/HP_0025023;0.9;0.499876605;1;1;1;0;0;4;4
http://purl.obolibrary.org/obo/MP_0003589;http://purl.obolibrary.org/obo/HP_0025634;0.944444444;0.499999959;1;0;0.253546276;0;0;0;4
http://purl.obolibrary.org/obo/MP_0001429;http://purl.obolibrary.org/obo/HP_0001944;0.909090909;0.499954602;1;0;0;0;0;4;4
http://purl.obolibrary.org/obo/MP_0002751;http://purl.obolibrary.org/obo/HP_0012331;0.95;0.499999994;1;0;0.269333119;0;0;4;4
http://purl.obolibrary.org/obo/MP_0002282;http://purl.obolibrary.org/obo/HP_0002778;0.9375;0.499999694;1;0.028571429;0.563581677;0;0;0;4
http://purl.obolibrary.org/obo/MP_0005242;http://purl.obolibrary.org/obo/HP_0001126;0.833333333;0.333303068;1;1;1;0;0;4;4
http://purl.obolibrary.org/obo/MP_0006296;http://purl.obolibrary.org/obo/HP_0001166;0.909090909;0.499954602;1;1;1;0;0;4;4
http://purl.obolibrary.org/obo/MP_0006362;http://purl.obolibrary.org/obo/HP_0012863;0.933333333;0.499999168;1;0.02;0.664759911;0;0;4;4
http://purl.obolibrary.org/obo/MP_0013821;http://purl.obolibrary.org/obo/HP_0009145;0.9375;0.499999694;1;0;0.788379775;0;0;2;4
http://purl.obolibrary.org/obo/MP_0011356;http://purl.obolibrary.org/obo/HP_0001920;0.916666667;0.499983299;1;1;1;0;0;4;4
http://purl.obolibrary.org/obo/MP_0008797;http://purl.obolibrary.org/obo/HP_0002006;0.888888889;0.49966465;1;0.045454545;0.71609905;0;0;4;4
http://purl.obolibrary.org/obo/MP_0014063;http://purl.obolibrary.org/obo/HP_0100318;1;0.999966597;1;1;1;0;0;4;4
http://purl.obolibrary.org/obo/MP_0001575;http://purl.obolibrary.org/obo/HP_0000961;0.75;0.331684918;1;0;0;0;0;4;4
http://purl.obolibrary.org/obo/MP_0004081;http://purl.obolibrary.org/obo/HP_0002453;0.941176471;0.499999887;1;0;0;0;0;2;4
http://purl.obolibrary.org/obo/MP_0002581;http://purl.obolibrary.org/obo/HP_0001549;0.9375;0.499999694;1;0;0.270555432;0;0;2;4
http://purl.obolibrary.org/obo/MP_0010406;http://purl.obolibrary.org/obo/HP_0011565;0.818181818;0.33325107;1;1;1;0;0;4;4
http://purl.obolibrary.org/obo/MP_0004282;http://purl.obolibrary.org/obo/HP_0000278;0.9;0.499876605;1;0;0;0;0;4;4
http://purl.obolibrary.org/obo/MP_0001852;http://purl.obolibrary.org/obo/HP_0000509;0.9;0.499876605;1;0;0;0;0;4;4
http://purl.obolibrary.org/obo/MP_0006093;http://purl.obolibrary.org/obo/HP_0100026;0.933333333;0.499999168;1;0.176470588;0.941468872;0;0;4;4
http://purl.obolibrary.org/obo/MP_0006220;http://purl.obolibrary.org/obo/HP_0007807;0.923076923;0.499993856;1;1;1;0;0;4;4
http://purl.obolibrary.org/obo/MP_0003197;http://purl.obolibrary.org/obo/HP_0000121;0.916666667;0.499983299;1;0;0;0;0;4;4
http://purl.obolibrary.org/obo/MP_0010113;http://purl.obolibrary.org/obo/HP_0005107;0.9375;0.499999694;1;0;0;0;0;2;4
http://purl.obolibrary.org/obo/MP_0005324;http://purl.obolibrary.org/obo/HP_0001541;0.714285714;0.328871433;1;0.25;0.824957911;0;0;4;4
http://purl.obolibrary.org/obo/MP_0002447;http://purl.obolibrary.org/obo/HP_0001877;0.9375;0.499999694;1;0.06557377;0.403994449;1;0;0;3
http://purl.obolibrary.org/obo/MP_0004373;http://purl.obolibrary.org/obo/HP_0003865;0.833333333;0.333303068;1;1;1;0;0;4;4
http://purl.obolibrary.org/obo/MP_0005435;http://purl.obolibrary.org/obo/HP_0011854;0.818181818;0.33325107;1;1;1;0;0;4;4
http://purl.obolibrary.org/obo/MP_0030222;http://purl.obolibrary.org/obo/HP_0100774;0.8;0.333109767;1;0.333333333;0.886076023;1;0;0;3
http://purl.obolibrary.org/obo/MP_0000359;http://purl.obolibrary.org/obo/HP_0100494;0.941176471;0.499999887;1;0;0.196722369;0;0;0;4
http://purl.obolibrary.org/obo/MP_0001585;http://purl.obolibrary.org/obo/HP_0001878;0.846153846;0.333322199;1;0;0.604156073;0;0;4;4
http://purl.obolibrary.org/obo/MP_0002816;http://purl.obolibrary.org/obo/HP_0002583;0.714285714;0.328871433;1;0;0.36313652;0;0;4;4
http://purl.obolibrary.org/obo/MP_0006166;http://purl.obolibrary.org/obo/HP_0500043;0.923076923;0.499993856;1;0;0;0;0;0;4
http://purl.obolibrary.org/obo/MP_0005416;http://purl.obolibrary.org/obo/HP_0010876;0.941176471;0.499999887;1;0.006993007;0.821891187;1;0;4;3
http://purl.obolibrary.org/obo/MP_0000610;http://purl.obolibrary.org/obo/HP_0001396;0.8;0.333109767;1;0.222222222;0.509524665;0;0;4;4
http://purl.obolibrary.org/obo/MP_0030097;http://purl.obolibrary.org/obo/HP_0004467;0.909090909;0.499954602;1;1;1;0;0;0;4
http://purl.obolibrary.org/obo/MP_0005515;http://purl.obolibrary.org/obo/HP_0000554;0.714285714;0.328871433;1;0;0;0;0;4;4
http://purl.obolibrary.org/obo/MP_0000226;http://purl.obolibrary.org/obo/HP_0025065;0.933333333;0.499999168;1;1;1;0;0;0;4
http://purl.obolibrary.org/obo/MP_0001310;http://purl.obolibrary.org/obo/HP_0000502;0.947368421;0.499999985;1;0;0.344014656;0;0;2;4
http://purl.obolibrary.org/obo/MP_0001156;http://purl.obolibrary.org/obo/HP_0008669;0.933333333;0.499999168;1;0;0.052937778;0;0;4;4
http://purl.obolibrary.org/obo/MP_0002812;http://purl.obolibrary.org/obo/HP_0004444;0.909090909;0.499954602;1;0;0;0;0;4;4
http://purl.obolibrary.org/obo/MP_0005258;http://purl.obolibrary.org/obo/HP_0007906;0.9375;0.499999694;1;1;1;0;0;0;4
http://purl.obolibrary.org/obo/MP_0009143;http://purl.obolibrary.org/obo/HP_0030992;0.947368421;0.499999985;1;0;0.625;0;0;4;4
http://purl.obolibrary.org/obo/MP_0008941;http://purl.obolibrary.org/obo/HP_0001896;0.846153846;0.333322199;1;1;1;0;0;4;4
http://purl.obolibrary.org/obo/MP_0005642;http://purl.obolibrary.org/obo/HP_0025547;0.947368421;0.499999985;1;1;1;0;0;0;4
http://purl.obolibrary.org/obo/MP_0003030;http://purl.obolibrary.org/obo/HP_0032368;0.857142857;0.497527377;1;0;0.068199434;0;0;0;4
http://purl.obolibrary.org/obo/MP_0005407;http://purl.obolibrary.org/obo/HP_0031005;0.818181818;0.33325107;1;0;0;0;0;4;4
http://purl.obolibrary.org/obo/MP_0013787;http://purl.obolibrary.org/obo/HP_0000613;0.875;0.499088949;1;1;1;0;0;4;4
http://purl.obolibrary.org/obo/MP_0003442;http://purl.obolibrary.org/obo/HP_0031794;0.941176471;0.499999887;1;1;1;0;0;0;4
http://purl.obolibrary.org/obo/MP_0003985;http://purl.obolibrary.org/obo/HP_0030760;0.916666667;0.499983299;1;0;0.447213595;0;0;4;4
http://purl.obolibrary.org/obo/MP_0020402;http://purl.obolibrary.org/obo/HP_0003532;0.777777778;0.332725966;1;1;1;0;0;4;4
http://purl.obolibrary.org/obo/MP_0030047;http://purl.obolibrary.org/obo/HP_0004425;0.909090909;0.499954602;1;1;1;0;0;0;4
http://purl.obolibrary.org/obo/MP_0001596;http://purl.obolibrary.org/obo/HP_0002615;0.8;0.333109767;1;0;0;0;0;4;4
http://purl.obolibrary.org/obo/MP_0005279;http://purl.obolibrary.org/obo/HP_0030050;0.818181818;0.33325107;1;1;1;0;0;4;4
http://purl.obolibrary.org/obo/MP_0003584;http://purl.obolibrary.org/obo/HP_0030037;0.8;0.333109767;1;1;1;0;0;4;4
http://purl.obolibrary.org/obo/MP_0005254;http://purl.obolibrary.org/obo/HP_0000486;0.888888889;0.49966465;1;0;0.774825942;0;0;4;4
http://purl.obolibrary.org/obo/MP_0003746;http://purl.obolibrary.org/obo/HP_0010280;0.857142857;0.497527377;1;0;0;0;0;4;4
http://purl.obolibrary.org/obo/MP_0004674;http://purl.obolibrary.org/obo/HP_0000883;0.777777778;0.332725966;1;1;1;0;0;4;4
http://purl.obolibrary.org/obo/MP_0003029;http://purl.obolibrary.org/obo/HP_0032369;0.857142857;0.497527377;1;1;1;0;0;0;4
http://purl.obolibrary.org/obo/MP_0008970;http://purl.obolibrary.org/obo/HP_0000453;0.846153846;0.333322199;1;0;0;0;0;4;4
http://purl.obolibrary.org/obo/MP_0001304;http://purl.obolibrary.org/obo/HP_0000518;0.8;0.48201379;1;0;0.284442497;0;0;4;4
http://purl.obolibrary.org/obo/MP_0006087;http://purl.obolibrary.org/obo/HP_0031418;0.933333333;0.499999168;1;1;1;0;0;0;4
http://purl.obolibrary.org/obo/MP_0009404;http://purl.obolibrary.org/obo/HP_0003687;0.944444444;0.499999959;1;1;1;0;0;4;4
http://purl.obolibrary.org/obo/MP_0012304;http://purl.obolibrary.org/obo/HP_0001196;0.866666667;0.333331826;1;1;1;0;0;4;4
http://purl.obolibrary.org/obo/MP_0030253;http://purl.obolibrary.org/obo/HP_0030867;0.875;0.333332779;1;1;1;0;0;0;4
http://purl.obolibrary.org/obo/MP_0004254;http://purl.obolibrary.org/obo/HP_0011970;0.888888889;0.333333258;1;1;1;0;0;4;4
http://purl.obolibrary.org/obo/MP_0003560;http://purl.obolibrary.org/obo/HP_0002758;0.888888889;0.49966465;1;0;0.43519414;0;0;4;4
http://purl.obolibrary.org/obo/MP_0009675;http://purl.obolibrary.org/obo/HP_0040162;0.9;0.499876605;1;1;1;0;0;0;4
http://purl.obolibrary.org/obo/MP_0005257;http://purl.obolibrary.org/obo/HP_0012632;0.9375;0.499999694;1;0.333333333;0.5;0;0;4;4
http://purl.obolibrary.org/obo/MP_0006222;http://purl.obolibrary.org/obo/HP_0001138;0.928571429;0.49999774;1;0;0;0;0;4;4
http://purl.obolibrary.org/obo/MP_0000780;http://purl.obolibrary.org/obo/HP_0001273;0.9375;0.499999694;1;0;0.695302777;0;0;0;4
http://purl.obolibrary.org/obo/MP_0013328;http://purl.obolibrary.org/obo/HP_0003271;0.846153846;0.333322199;1;0;0;0;0;4;4
http://purl.obolibrary.org/obo/MP_0009417;http://purl.obolibrary.org/obo/HP_0003202;0.9375;0.499999694;1;0;0.609836721;0;0;4;4
http://purl.obolibrary.org/obo/MP_0010822;http://purl.obolibrary.org/obo/HP_0002107;0.833333333;0.333303068;1;0;0;0;0;4;4
http://purl.obolibrary.org/obo/MP_0002229;http://purl.obolibrary.org/obo/HP_0002180;0.909090909;0.499954602;1;0;0.370851132;0;0;4;4
http://purl.obolibrary.org/obo/MP_0002264;http://purl.obolibrary.org/obo/HP_0025426;0.9375;0.499999694;1;0;0.208551886;0;0;4;4
http://purl.obolibrary.org/obo/MP_0030025;http://purl.obolibrary.org/obo/HP_0001902;0.818181818;0.33325107;1;1;1;0;0;0;4
http://purl.obolibrary.org/obo/MP_0030199;http://purl.obolibrary.org/obo/HP_0004411;0.928571429;0.49999774;1;1;1;0;0;0;4
http://purl.obolibrary.org/obo/MP_0014086;http://purl.obolibrary.org/obo/HP_0001028;0.777777778;0.332725966;1;0;0;0;0;4;4
http://purl.obolibrary.org/obo/MP_0004672;http://purl.obolibrary.org/obo/HP_0000773;0.888888889;0.49966465;1;0;0;0;0;4;4
http://purl.obolibrary.org/obo/MP_0013818;http://purl.obolibrary.org/obo/HP_0000163;0.941176471;0.499999887;1;0.00462963;0.163560892;0;0;2;4
http://purl.obolibrary.org/obo/MP_0013942;http://purl.obolibrary.org/obo/HP_0100686;0.857142857;0.497527377;1;1;1;0;0;4;4
http://purl.obolibrary.org/obo/MP_0002417;http://purl.obolibrary.org/obo/HP_0012143;0.941176471;0.499999887;1;0;0.515549835;0;0;0;4
http://purl.obolibrary.org/obo/MP_0005323;http://purl.obolibrary.org/obo/HP_0001332;0.777777778;0.332725966;1;0;0.071795816;0;0;4;4
http://purl.obolibrary.org/obo/MP_0012545;http://purl.obolibrary.org/obo/HP_0003396;0.833333333;0.333303068;1;1;1;0;0;4;4
http://purl.obolibrary.org/obo/MP_0004352;http://purl.obolibrary.org/obo/HP_0003862;0.833333333;0.333303068;1;1;1;0;0;4;4
http://purl.obolibrary.org/obo/MP_0003086;http://purl.obolibrary.org/obo/HP_0100565;0.818181818;0.33325107;1;1;1;0;0;4;4
http://purl.obolibrary.org/obo/MP_0011515;http://purl.obolibrary.org/obo/HP_0000979;0.8;0.48201379;1;0;0;0;0;4;4
http://purl.obolibrary.org/obo/MP_0001764;http://purl.obolibrary.org/obo/HP_0012337;0.928571429;0.49999774;1;0.014522822;0.12057175;0;0;4;4
http://purl.obolibrary.org/obo/MP_0002210;http://purl.obolibrary.org/obo/HP_0012244;0.933333333;0.499999168;1;0.028571429;0.346193858;0;0;4;4
http://purl.obolibrary.org/obo/MP_0003292;http://purl.obolibrary.org/obo/HP_0002249;0.666666667;0.321342527;1;1;1;0;0;4;4
http://purl.obolibrary.org/obo/MP_0002490;http://purl.obolibrary.org/obo/HP_0010701;0.928571429;0.49999774;1;0.022556391;0.603975897;0;0;4;4
http://purl.obolibrary.org/obo/MP_0004107;http://purl.obolibrary.org/obo/HP_0031278;0.944444444;0.499999959;1;1;1;0;0;0;4
http://purl.obolibrary.org/obo/MP_0005326;http://purl.obolibrary.org/obo/HP_0031265;0.941176471;0.499999887;1;0.076923077;0.662266179;0;0;0;4
http://purl.obolibrary.org/obo/MP_0005099;http://purl.obolibrary.org/obo/HP_0012776;0.9375;0.499999694;1;0;0.664367504;1;0;2;3
http://purl.obolibrary.org/obo/MP_0001326;http://purl.obolibrary.org/obo/HP_0000546;0.916666667;0.499983299;1;0;0.794928634;0;0;4;4
http://purl.obolibrary.org/obo/MP_0020443;http://purl.obolibrary.org/obo/HP_0007917;0.928571429;0.49999774;1;0;0;0;0;0;4
http://purl.obolibrary.org/obo/MP_0006130;http://purl.obolibrary.org/obo/HP_0010882;0.875;0.333332779;1;1;1;0;0;4;4
http://purl.obolibrary.org/obo/MP_0001316;http://purl.obolibrary.org/obo/HP_0000559;0.916666667;0.499983299;1;1;1;0;0;4;4
http://purl.obolibrary.org/obo/MP_0003294;http://purl.obolibrary.org/obo/HP_0002576;0.9;0.499876605;1;1;1;0;0;4;4
http://purl.obolibrary.org/obo/MP_0011579;http://purl.obolibrary.org/obo/HP_0031209;0.9375;0.499999694;1;1;1;0;0;0;4
http://purl.obolibrary.org/obo/MP_0005085;http://purl.obolibrary.org/obo/HP_0012438;0.941176471;0.499999887;1;0;0.120385853;0;0;4;4
http://purl.obolibrary.org/obo/MP_0009419;http://purl.obolibrary.org/obo/HP_0030951;0.9375;0.499999694;1;0;0;0;0;4;4
http://purl.obolibrary.org/obo/MP_0014016;http://purl.obolibrary.org/obo/HP_0012518;0.947368421;0.499999985;1;0;0;0;0;3;4
http://purl.obolibrary.org/obo/MP_0002108;http://purl.obolibrary.org/obo/HP_0011805;0.941176471;0.499999887;1;0.005199307;0.434857957;1;0;4;3
http://purl.obolibrary.org/obo/MP_0003699;http://purl.obolibrary.org/obo/HP_0030012;0.954545455;0.499999999;1;0;0.065438848;1;0;4;3
http://purl.obolibrary.org/obo/MP_0009547;http://purl.obolibrary.org/obo/HP_0004445;0.8;0.333109767;1;0;0;0;0;4;4
http://purl.obolibrary.org/obo/MP_0005153;http://purl.obolibrary.org/obo/HP_0031380;0.9375;0.499999694;1;0;0;0;0;0;4
http://purl.obolibrary.org/obo/MP_0030797;http://purl.obolibrary.org/obo/HP_0001388;0.818181818;0.33325107;1;1;1;0;0;0;4
http://purl.obolibrary.org/obo/MP_0003195;http://purl.obolibrary.org/obo/HP_0003761;0.875;0.499088949;1;1;1;0;0;4;4
http://purl.obolibrary.org/obo/MP_0013806;http://purl.obolibrary.org/obo/HP_0001298;0.909090909;0.499954602;1;0;0;0;0;4;4
http://purl.obolibrary.org/obo/MP_0002702;http://purl.obolibrary.org/obo/HP_0040299;0.941176471;0.499999887;1;1;1;0;0;4;4
http://purl.obolibrary.org/obo/MP_0011654;http://purl.obolibrary.org/obo/HP_0002927;0.8;0.333109767;1;1;1;0;0;0;4
http://purl.obolibrary.org/obo/MP_0005157;http://purl.obolibrary.org/obo/HP_0001360;0.916666667;0.499983299;1;0;0.196116135;1;0;4;3
http://purl.obolibrary.org/obo/MP_0011727;http://purl.obolibrary.org/obo/HP_0031086;0.833333333;0.333303068;1;1;1;0;0;4;4
http://purl.obolibrary.org/obo/MP_0001120;http://purl.obolibrary.org/obo/HP_0031105;0.941176471;0.499999887;1;0;0.635854836;0;0;4;4
http://purl.obolibrary.org/obo/MP_0011517;http://purl.obolibrary.org/obo/HP_0003159;0.833333333;0.333303068;1;1;1;0;0;4;4
http://purl.obolibrary.org/obo/MP_0005505;http://purl.obolibrary.org/obo/HP_0001894;0.909090909;0.499954602;1;1;1;0;0;4;4
http://purl.obolibrary.org/obo/MP_0003325;http://purl.obolibrary.org/obo/HP_0001410;0.9375;0.499999694;1;0;0;0;0;4;4
http://purl.obolibrary.org/obo/MP_0010474;http://purl.obolibrary.org/obo/HP_0025495;0.941176471;0.499999887;1;1;1;0;0;0;4
http://purl.obolibrary.org/obo/MP_0006221;http://purl.obolibrary.org/obo/HP_0000609;0.9375;0.499999694;1;0;0;0;0;4;4
http://purl.obolibrary.org/obo/MP_0005150;http://purl.obolibrary.org/obo/HP_0004326;0.857142857;0.497527377;1;1;1;0;0;4;4
http://purl.obolibrary.org/obo/MP_0001346;http://purl.obolibrary.org/obo/HP_0011482;0.9375;0.499999694;1;0.041666667;0.770127414;1;0;0;3
http://purl.obolibrary.org/obo/MP_0030899;http://purl.obolibrary.org/obo/HP_0008751;0.916666667;0.499983299;1;1;1;0;0;0;4
http://purl.obolibrary.org/obo/MP_0002795;http://purl.obolibrary.org/obo/HP_0001644;0.933333333;0.499999168;1;1;1;0;0;4;4
http://purl.obolibrary.org/obo/MP_0014065;http://purl.obolibrary.org/obo/HP_0100315;1;0.999909204;1;1;1;0;0;4;4
http://purl.obolibrary.org/obo/MP_0010743;http://purl.obolibrary.org/obo/HP_0000270;0.933333333;0.499999168;1;0;0.267261242;0;0;2;4
http://purl.obolibrary.org/obo/MP_0003740;http://purl.obolibrary.org/obo/HP_0005473;0.933333333;0.499999168;1;0;0;0;0;4;4
http://purl.obolibrary.org/obo/MP_0003749;http://purl.obolibrary.org/obo/HP_0002714;0.875;0.333332779;0.75;1;1;0;0;4;4
http://purl.obolibrary.org/obo/MP_0006115;http://purl.obolibrary.org/obo/HP_0010883;0.916666667;0.499983299;1;1;1;0;0;4;4
http://purl.obolibrary.org/obo/MP_0002110;http://purl.obolibrary.org/obo/HP_0011297;0.9375;0.499999694;1;0.005521472;0.120669826;1;0;0;3
http://purl.obolibrary.org/obo/MP_0010596;http://purl.obolibrary.org/obo/HP_0012561;0.9375;0.499999694;1;1;1;0;0;4;4
http://purl.obolibrary.org/obo/MP_0030049;http://purl.obolibrary.org/obo/HP_0011220;0.857142857;0.333329237;1;1;1;0;0;0;4
http://purl.obolibrary.org/obo/MP_0005084;http://purl.obolibrary.org/obo/HP_0012437;0.933333333;0.499999168;1;0.041666667;0.5958006;1;0;4;3
http://purl.obolibrary.org/obo/MP_0001926;http://purl.obolibrary.org/obo/HP_0008222;0.916666667;0.499983299;1;1;1;0;0;4;4
http://purl.obolibrary.org/obo/MP_0011055;http://purl.obolibrary.org/obo/HP_0012261;0.947368421;0.499999985;1;0;0.387298335;0;0;4;4
http://purl.obolibrary.org/obo/MP_0005361;http://purl.obolibrary.org/obo/HP_0012506;0.866666667;0.333331826;1;0;0.696310624;0;0;4;4
http://purl.obolibrary.org/obo/MP_0012550;http://purl.obolibrary.org/obo/HP_0005972;0.923076923;0.499993856;1;0;0;0;0;4;4
http://purl.obolibrary.org/obo/MP_0006235;http://purl.obolibrary.org/obo/HP_0011500;0.777777778;0.332725966;1;1;1;0;0;4;4
http://purl.obolibrary.org/obo/MP_0002106;http://purl.obolibrary.org/obo/HP_0011804;0.944444444;0.499999959;1;0.011363636;0.486517012;1;0;4;3
http://purl.obolibrary.org/obo/MP_0004157;http://purl.obolibrary.org/obo/HP_0011611;0.928571429;0.49999774;1;0.25;0.754851356;0;0;4;4
http://purl.obolibrary.org/obo/MP_0012551;http://purl.obolibrary.org/obo/HP_0001942;0.846153846;0.333322199;1;0;0.40824829;0;0;4;4
http://purl.obolibrary.org/obo/MP_0006253;http://purl.obolibrary.org/obo/HP_0030084;0.9;0.499876605;1;0;0;0;0;4;4
http://purl.obolibrary.org/obo/MP_0001948;http://purl.obolibrary.org/obo/HP_0000076;0.866666667;0.333331826;1;1;1;0;0;4;4
http://purl.obolibrary.org/obo/MP_0009646;http://purl.obolibrary.org/obo/HP_0100577;0.875;0.333332779;1;1;1;0;0;4;4
http://purl.obolibrary.org/obo/MP_0000525;http://purl.obolibrary.org/obo/HP_0001947;0.933333333;0.499999168;1;0;0;0;0;4;4
http://purl.obolibrary.org/obo/MP_0003346;http://purl.obolibrary.org/obo/HP_0011957;0.944444444;0.499999959;1;0;0;0;0;2;4
http://purl.obolibrary.org/obo/MP_0003554;http://purl.obolibrary.org/obo/HP_0001741;0.714285714;0.328871433;1;1;1;0;0;4;4
http://purl.obolibrary.org/obo/MP_0013127;http://purl.obolibrary.org/obo/HP_0000421;0.75;0.331684918;1;0;0;0;0;4;4
http://purl.obolibrary.org/obo/MP_0002069;http://purl.obolibrary.org/obo/HP_0040202;0.944444444;0.499999959;1;0.090909091;0.39840431;0;0;4;4
http://purl.obolibrary.org/obo/MP_0004329;http://purl.obolibrary.org/obo/HP_0031000;0.882352941;0.333333129;1;1;1;0;0;4;4
http://purl.obolibrary.org/obo/MP_0014067;http://purl.obolibrary.org/obo/HP_0100316;1;0.999966597;1;1;1;0;0;4;4
http://purl.obolibrary.org/obo/MP_0005312;http://purl.obolibrary.org/obo/HP_0001698;0.866666667;0.333331826;1;0.333333333;0.447213595;0;0;4;4
http://purl.obolibrary.org/obo/MP_0004057;http://purl.obolibrary.org/obo/HP_0031196;0.941176471;0.499999887;1;0;0;0;0;4;4
http://purl.obolibrary.org/obo/MP_0001554;http://purl.obolibrary.org/obo/HP_0030781;0.941176471;0.499999887;1;1;1;0;0;4;4
http://purl.obolibrary.org/obo/MP_0001654;http://purl.obolibrary.org/obo/HP_0002605;0.846153846;0.333322199;1;0;0.742307489;0;0;4;4
http://purl.obolibrary.org/obo/MP_0001634;http://purl.obolibrary.org/obo/HP_0011029;0.846153846;0.333322199;1;0.064516129;0.930817872;1;0;4;3
http://purl.obolibrary.org/obo/MP_0008720;http://purl.obolibrary.org/obo/HP_0040238;0.944444444;0.499999959;1;1;1;0;0;4;4
http://purl.obolibrary.org/obo/MP_0011852;http://purl.obolibrary.org/obo/HP_0010479;0.833333333;0.333303068;1;1;1;0;0;4;4
http://purl.obolibrary.org/obo/MP_0001548;http://purl.obolibrary.org/obo/HP_0003077;0.818181818;0.33325107;1;0;0;0;0;4;4
http://purl.obolibrary.org/obo/MP_0008950;http://purl.obolibrary.org/obo/HP_0004756;0.866666667;0.333331826;1;0;0;0;0;4;4
http://purl.obolibrary.org/obo/MP_0003273;http://purl.obolibrary.org/obo/HP_0002588;0.909090909;0.499954602;1;1;1;0;0;4;4
http://purl.obolibrary.org/obo/MP_0004939;http://purl.obolibrary.org/obo/HP_0002846;0.9375;0.499999694;1;0;0.509939596;0;0;0;4
http://purl.obolibrary.org/obo/MP_0003928;http://purl.obolibrary.org/obo/HP_0031862;0.9375;0.499999694;1;1;1;0;0;0;4
http://purl.obolibrary.org/obo/MP_0010408;http://purl.obolibrary.org/obo/HP_0011567;0.941176471;0.499999887;1;1;1;0;0;4;4
http://purl.obolibrary.org/obo/MP_0000650;http://purl.obolibrary.org/obo/HP_0011599;0.8;0.333109767;1;1;1;0;0;4;4
http://purl.obolibrary.org/obo/MP_0003898;http://purl.obolibrary.org/obo/HP_0025074;0.9375;0.499999694;1;0;0.569613796;0;0;4;4
http://purl.obolibrary.org/obo/MP_0012711;http://purl.obolibrary.org/obo/HP_0100562;0.8;0.333109767;1;1;1;0;0;4;4
http://purl.obolibrary.org/obo/MP_0002773;http://purl.obolibrary.org/obo/HP_0030344;0.947368421;0.499999985;1;1;1;0;0;4;4
http://purl.obolibrary.org/obo/MP_0030462;http://purl.obolibrary.org/obo/HP_0030757;0.9;0.499876605;1;0;0.666666667;0;0;0;4
http://purl.obolibrary.org/obo/MP_0003395;http://purl.obolibrary.org/obo/HP_0031251;0.95;0.499999994;1;0.083333333;0.802364448;0;0;0;4
http://purl.obolibrary.org/obo/MP_0010477;http://purl.obolibrary.org/obo/HP_0030882;0.846153846;0.333322199;1;1;1;0;0;4;4
http://purl.obolibrary.org/obo/MP_0005645;http://purl.obolibrary.org/obo/HP_0012285;0.941176471;0.499999887;1;0;0.16495722;0;0;4;4
http://purl.obolibrary.org/obo/MP_0005244;http://purl.obolibrary.org/obo/HP_0011851;0.833333333;0.333303068;1;1;1;0;0;4;4
http://purl.obolibrary.org/obo/MP_0002899;http://purl.obolibrary.org/obo/HP_0012378;0.75;0.331684918;1;0;0;0;0;4;4
http://purl.obolibrary.org/obo/MP_0002065;http://purl.obolibrary.org/obo/HP_0100852;0.95;0.499999994;1;0;0;0;0;4;4
http://purl.obolibrary.org/obo/MP_0006118;http://purl.obolibrary.org/obo/HP_0025578;0.923076923;0.499993856;1;1;1;0;0;0;4
http://purl.obolibrary.org/obo/MP_0030248;http://purl.obolibrary.org/obo/HP_0002010;0.818181818;0.33325107;1;1;1;0;0;0;4
http://purl.obolibrary.org/obo/MP_0001947;http://purl.obolibrary.org/obo/HP_0031602;0.928571429;0.49999774;1;0;0.790569415;0;0;0;4
http://purl.obolibrary.org/obo/MP_0012506;http://purl.obolibrary.org/obo/HP_0012444;0.833333333;0.333303068;1;0;0.60960061;0;0;4;4
http://purl.obolibrary.org/obo/MP_0013547;http://purl.obolibrary.org/obo/HP_0011819;0.928571429;0.49999774;1;1;1;0;0;4;4
http://purl.obolibrary.org/obo/MP_0002272;http://purl.obolibrary.org/obo/HP_0001311;0.95;0.499999994;1;0.006802721;0.104713746;0;0;4;4
http://purl.obolibrary.org/obo/MP_0002810;http://purl.obolibrary.org/obo/HP_0001935;0.916666667;0.499983299;1;0.5;0.912870929;0;0;4;4
http://purl.obolibrary.org/obo/MP_0000937;http://purl.obolibrary.org/obo/HP_0002450;0.9375;0.499999694;1;0;0.541352197;0;0;4;4
http://purl.obolibrary.org/obo/MP_0002926;http://purl.obolibrary.org/obo/HP_0002251;0.909090909;0.499954602;1;0;0;0;0;4;4
http://purl.obolibrary.org/obo/MP_0009434;http://purl.obolibrary.org/obo/HP_0002385;0.857142857;0.497527377;1;0;0;0;0;4;4
http://purl.obolibrary.org/obo/MP_0012080;http://purl.obolibrary.org/obo/HP_0012281;0.923076923;0.499993856;1;1;1;0;0;4;4
http://purl.obolibrary.org/obo/MP_0014064;http://purl.obolibrary.org/obo/HP_0100317;0.888888889;0.333333258;1;1;1;0;0;4;4
http://purl.obolibrary.org/obo/MP_0030034;http://purl.obolibrary.org/obo/HP_0005280;0.923076923;0.499993856;1;1;1;0;0;0;4
http://purl.obolibrary.org/obo/MP_0001314;http://purl.obolibrary.org/obo/HP_0007957;0.923076923;0.499993856;1;0.055555556;0.058025885;0;0;4;4
http://purl.obolibrary.org/obo/MP_0001917;http://purl.obolibrary.org/obo/HP_0030746;0.9375;0.499999694;1;0;0;0;0;4;4
http://purl.obolibrary.org/obo/MP_0001544;http://purl.obolibrary.org/obo/HP_0011025;0.952380952;0.499999998;1;0.045996593;0.563677126;1;0;4;3
http://purl.obolibrary.org/obo/MP_0011250;http://purl.obolibrary.org/obo/HP_0031565;0.928571429;0.49999774;1;1;1;0;0;0;4
http://purl.obolibrary.org/obo/MP_0001588;http://purl.obolibrary.org/obo/HP_0011902;0.923076923;0.499993856;1;0;0.618002171;0;0;4;4
http://purl.obolibrary.org/obo/MP_0030615;http://purl.obolibrary.org/obo/HP_0003219;0.875;0.333332779;1;1;1;0;0;0;4
http://purl.obolibrary.org/obo/MP_0004512;http://purl.obolibrary.org/obo/HP_0000458;0.857142857;0.497527377;1;0;0;0;0;4;4
http://purl.obolibrary.org/obo/MP_0005546;http://purl.obolibrary.org/obo/HP_0011506;0.941176471;0.499999887;1;0;0.439155033;0;0;0;4
http://purl.obolibrary.org/obo/MP_0005036;http://purl.obolibrary.org/obo/HP_0002014;0.714285714;0.328871433;1;0.1;0.78406256;0;0;4;4
http://purl.obolibrary.org/obo/MP_0001431;http://purl.obolibrary.org/obo/HP_0100738;0.933333333;0.499999168;1;0.029411765;0.063103729;0;0;4;4
http://purl.obolibrary.org/obo/MP_0003307;http://purl.obolibrary.org/obo/HP_0002021;0.846153846;0.333322199;1;1;1;0;0;4;4
http://purl.obolibrary.org/obo/MP_0005243;http://purl.obolibrary.org/obo/HP_0012151;0.888888889;0.49966465;1;1;1;0;0;4;4
http://purl.obolibrary.org/obo/MP_0005134;http://purl.obolibrary.org/obo/HP_0031098;0.95;0.499999994;1;0;0;0;0;4;4
http://purl.obolibrary.org/obo/MP_0002591;http://purl.obolibrary.org/obo/HP_0025066;0.933333333;0.499999168;1;1;1;0;0;4;4
http://purl.obolibrary.org/obo/MP_0003318;http://purl.obolibrary.org/obo/HP_0004792;0.933333333;0.499999168;1;1;1;0;0;4;4
http://purl.obolibrary.org/obo/MP_0003897;http://purl.obolibrary.org/obo/HP_0012249;0.933333333;0.499999168;1;0;0.395091839;0;0;4;4
http://purl.obolibrary.org/obo/MP_0003624;http://purl.obolibrary.org/obo/HP_0100519;0.833333333;0.493307149;1;1;1;0;0;4;4
http://purl.obolibrary.org/obo/MP_0010128;http://purl.obolibrary.org/obo/HP_0011106;0.818181818;0.33325107;1;1;1;0;0;4;4
http://purl.obolibrary.org/obo/MP_0008397;http://purl.obolibrary.org/obo/HP_0030334;0.964285714;0.5;1;0;0.71519854;0;0;4;4
http://purl.obolibrary.org/obo/MP_0000108;http://purl.obolibrary.org/obo/HP_0100629;0.833333333;0.333303068;1;0;0;0;0;4;4
http://purl.obolibrary.org/obo/MP_0002441;http://purl.obolibrary.org/obo/HP_0001911;0.941176471;0.499999887;1;0.024390244;0.360564367;0;0;0;4
http://purl.obolibrary.org/obo/MP_0012011;http://purl.obolibrary.org/obo/HP_0002373;0.818181818;0.33325107;1;0;0;0;0;4;4
http://purl.obolibrary.org/obo/MP_0030884;http://purl.obolibrary.org/obo/HP_0000897;0.909090909;0.499954602;1;1;1;0;0;0;4
http://purl.obolibrary.org/obo/MP_0013372;http://purl.obolibrary.org/obo/HP_0000975;0.9;0.499876605;1;0;0;0;0;4;4
http://purl.obolibrary.org/obo/MP_0006063;http://purl.obolibrary.org/obo/HP_0025576;0.944444444;0.499999959;1;0;0.511495755;0;0;0;4
http://purl.obolibrary.org/obo/MP_0003702;http://purl.obolibrary.org/obo/HP_0031411;0.9375;0.499999694;1;0.2;0.875;0;0;0;4
http://purl.obolibrary.org/obo/MP_0000189;http://purl.obolibrary.org/obo/HP_0001943;0.833333333;0.333303068;1;0;0;0;0;4;4
http://purl.obolibrary.org/obo/MP_0011012;http://purl.obolibrary.org/obo/HP_0002110;0.833333333;0.333303068;1;0;0;1;0;4;3
http://purl.obolibrary.org/obo/MP_0009645;http://purl.obolibrary.org/obo/HP_0020074;0.8;0.333109767;1;0;0;0;0;0;4
http://purl.obolibrary.org/obo/MP_0014157;http://purl.obolibrary.org/obo/HP_0000522;0.857142857;0.497527377;1;1;1;0;0;4;4
http://purl.obolibrary.org/obo/MP_0010597;http://purl.obolibrary.org/obo/HP_0031569;0.9375;0.499999694;1;1;1;0;0;0;4
http://purl.obolibrary.org/obo/MP_0008388;http://purl.obolibrary.org/obo/HP_0004840;0.928571429;0.49999774;1;1;1;0;0;4;4
http://purl.obolibrary.org/obo/MP_0003540;http://purl.obolibrary.org/obo/HP_0030011;0.857142857;0.333329237;1;1;1;0;0;4;4
http://purl.obolibrary.org/obo/MP_0006278;http://purl.obolibrary.org/obo/HP_0004942;0.928571429;0.49999774;1;0.052631579;0.766886275;0;0;4;4
http://purl.obolibrary.org/obo/MP_0010559;http://purl.obolibrary.org/obo/HP_0012722;0.833333333;0.333303068;1;0.090909091;0.663129814;0;0;4;4
http://purl.obolibrary.org/obo/MP_0013546;http://purl.obolibrary.org/obo/HP_0000185;0.818181818;0.33325107;1;0.5;0.833333333;0;0;4;4
http://purl.obolibrary.org/obo/MP_0006327;http://purl.obolibrary.org/obo/HP_0000410;0.928571429;0.49999774;1;0;0;0;0;4;4
http://purl.obolibrary.org/obo/MP_0004044;http://purl.obolibrary.org/obo/HP_0002647;0.833333333;0.333303068;1;0;0;0;0;4;4
http://purl.obolibrary.org/obo/MP_0000609;http://purl.obolibrary.org/obo/HP_0031865;0.941176471;0.499999887;1;0.0625;0.134303827;1;0;0;3
http://purl.obolibrary.org/obo/MP_0001178;http://purl.obolibrary.org/obo/HP_0002089;0.928571429;0.49999774;1;1;1;0;0;4;4
http://purl.obolibrary.org/obo/MP_0002416;http://purl.obolibrary.org/obo/HP_0025035;0.9375;0.499999694;1;0;0;0;0;4;4
http://purl.obolibrary.org/obo/MP_0010331;http://purl.obolibrary.org/obo/HP_0025201;0.928571429;0.49999774;1;0;0.572158832;0;0;4;4
http://purl.obolibrary.org/obo/MP_0005163;http://purl.obolibrary.org/obo/HP_0009914;0.875;0.499088949;1;1;1;0;0;4;4
http://purl.obolibrary.org/obo/MP_0006077;http://purl.obolibrary.org/obo/HP_0000023;0.909090909;0.499954602;1;1;1;0;0;4;4
http://purl.obolibrary.org/obo/MP_0001665;http://purl.obolibrary.org/obo/HP_0002028;0.909090909;0.499954602;1;1;1;0;0;4;4
http://purl.obolibrary.org/obo/MP_0005296;http://purl.obolibrary.org/obo/HP_0031095;0.9375;0.499999694;1;0.022727273;0.396576074;1;0;4;3
http://purl.obolibrary.org/obo/MP_0030066;http://purl.obolibrary.org/obo/HP_0011219;0.818181818;0.33325107;1;1;1;0;0;0;4
http://purl.obolibrary.org/obo/MP_0030171;http://purl.obolibrary.org/obo/HP_0007886;0.933333333;0.499999168;1;1;1;0;0;0;4
http://purl.obolibrary.org/obo/MP_0003179;http://purl.obolibrary.org/obo/HP_0001873;0.928571429;0.49999774;1;0;0;0;0;4;4
http://purl.obolibrary.org/obo/MP_0003756;http://purl.obolibrary.org/obo/HP_0100737;0.9375;0.499999694;1;0.05;0.230010444;1;0;3;3
http://purl.obolibrary.org/obo/MP_0002932;http://purl.obolibrary.org/obo/HP_0001367;0.9375;0.499999694;1;0.010869565;0.132855807;1;0;4;3
http://purl.obolibrary.org/obo/MP_0010637;http://purl.obolibrary.org/obo/HP_0001688;0.916666667;0.499983299;1;1;1;0;0;4;4
http://purl.obolibrary.org/obo/MP_0009744;http://purl.obolibrary.org/obo/HP_0100259;0.923076923;0.499993856;1;0;0;0;0;4;4
http://purl.obolibrary.org/obo/MP_0010409;http://purl.obolibrary.org/obo/HP_0010774;0.8;0.333109767;1;0;0.670820393;0;0;4;4
http://purl.obolibrary.org/obo/MP_0011738;http://purl.obolibrary.org/obo/HP_0012050;0.833333333;0.493307149;1;1;1;0;0;4;4
http://purl.obolibrary.org/obo/MP_0003342;http://purl.obolibrary.org/obo/HP_0001747;0.833333333;0.333303068;1;1;1;0;0;0;4
http://purl.obolibrary.org/obo/MP_0000416;http://purl.obolibrary.org/obo/HP_0008070;0.888888889;0.49966465;1;0;0;0;0;4;4
http://purl.obolibrary.org/obo/MP_0002151;http://purl.obolibrary.org/obo/HP_0410043;0.9375;0.499999694;1;0.026315789;0.093528135;1;0;0;3
http://purl.obolibrary.org/obo/MP_0002422;http://purl.obolibrary.org/obo/HP_0001912;0.933333333;0.499999168;1;0;0.46291005;0;0;0;4
http://purl.obolibrary.org/obo/MP_0030048;http://purl.obolibrary.org/obo/HP_0000340;0.866666667;0.333331826;1;1;1;0;0;0;4
http://purl.obolibrary.org/obo/MP_0004111;http://purl.obolibrary.org/obo/HP_0006704;0.9375;0.499999694;1;0.083333333;0.789461089;0;0;0;4
http://purl.obolibrary.org/obo/MP_0020219;http://purl.obolibrary.org/obo/HP_0031731;0.928571429;0.49999774;1;0;0;0;0;0;4
http://purl.obolibrary.org/obo/MP_0006078;http://purl.obolibrary.org/obo/HP_0004404;0.933333333;0.499999168;1;0;0.326878135;0;0;4;4
http://purl.obolibrary.org/obo/MP_0002192;http://purl.obolibrary.org/obo/HP_0001789;0.866666667;0.333331826;1;0;0;0;0;4;4
http://purl.obolibrary.org/obo/MP_0002643;http://purl.obolibrary.org/obo/HP_0004447;0.8;0.333109767;1;0.090909091;0.23570226;0;0;4;4
http://purl.obolibrary.org/obo/MP_0003929;http://purl.obolibrary.org/obo/HP_0031861;0.933333333;0.499999168;1;1;1;0;0;0;4
http://purl.obolibrary.org/obo/MP_0005102;http://purl.obolibrary.org/obo/HP_0008034;0.933333333;0.499999168;1;0;0.412478956;0;0;4;4
http://purl.obolibrary.org/obo/MP_0002791;http://purl.obolibrary.org/obo/HP_0002570;0.75;0.331684918;1;1;1;0;0;4;4
http://purl.obolibrary.org/obo/MP_0002790;http://purl.obolibrary.org/obo/HP_0030341;0.947368421;0.499999985;1;0;0;0;0;4;4
http://purl.obolibrary.org/obo/MP_0002628;http://purl.obolibrary.org/obo/HP_0001397;0.818181818;0.33325107;1;0;0;0;0;4;4
http://purl.obolibrary.org/obo/MP_0002424;http://purl.obolibrary.org/obo/HP_0004312;0.944444444;0.499999959;1;0.666666667;0.577350269;0;0;2;4
http://purl.obolibrary.org/obo/MP_0003068;http://purl.obolibrary.org/obo/HP_0000105;0.916666667;0.499983299;1;0;0;0;0;4;4
http://purl.obolibrary.org/obo/MP_0009548;http://purl.obolibrary.org/obo/HP_0030402;0.928571429;0.49999774;1;0;0.747294657;0;0;4;4
http://purl.obolibrary.org/obo/MP_0003853;http://purl.obolibrary.org/obo/HP_0000958;0.777777778;0.332725966;1;1;1;0;0;4;4
http://purl.obolibrary.org/obo/MP_0012762;http://purl.obolibrary.org/obo/HP_0030333;0.944444444;0.499999959;1;0.0078125;0.625230896;0;0;4;4
http://purl.obolibrary.org/obo/MP_0004510;http://purl.obolibrary.org/obo/HP_0100614;0.714285714;0.328871433;1;1;1;0;0;4;4
http://purl.obolibrary.org/obo/MP_0010436;http://purl.obolibrary.org/obo/HP_0011642;0.941176471;0.499999887;1;0.166666667;0.838659217;0;0;0;4
http://purl.obolibrary.org/obo/MP_0003214;http://purl.obolibrary.org/obo/HP_0002185;0.9375;0.499999694;1;1;1;0;0;0;4
http://purl.obolibrary.org/obo/MP_0000433;http://purl.obolibrary.org/obo/HP_0000252;0.833333333;0.333303068;1;0;0;0;0;4;4
http://purl.obolibrary.org/obo/MP_0003755;http://purl.obolibrary.org/obo/HP_0000174;0.933333333;0.499999168;1;0.087912088;0.589200802;0;0;0;4
http://purl.obolibrary.org/obo/MP_0010460;http://purl.obolibrary.org/obo/HP_0004971;0.9375;0.499999694;1;1;1;0;0;4;4
http://purl.obolibrary.org/obo/MP_0002794;http://purl.obolibrary.org/obo/HP_0001142;0.8;0.333109767;1;0;0;0;0;4;4
http://purl.obolibrary.org/obo/MP_0000564;http://purl.obolibrary.org/obo/HP_0001159;0.777777778;0.332725966;1;0;0;0;0;4;4
http://purl.obolibrary.org/obo/MP_0030067;http://purl.obolibrary.org/obo/HP_0000275;0.8;0.333109767;1;1;1;0;0;0;4
http://purl.obolibrary.org/obo/MP_0011050;http://purl.obolibrary.org/obo/HP_0005938;0.947368421;0.499999985;1;0;0.448848751;0;0;4;4
http://purl.obolibrary.org/obo/MP_0002546;http://purl.obolibrary.org/obo/HP_0011499;0.75;0.331684918;1;0;0;0;0;4;4
http://purl.obolibrary.org/obo/MP_0001560;http://purl.obolibrary.org/obo/HP_0040215;0.941176471;0.499999887;1;0;0;0;0;0;4
http://purl.obolibrary.org/obo/MP_0005468;http://purl.obolibrary.org/obo/HP_0031508;0.9375;0.499999694;1;0.095238095;0.696734319;0;0;0;4
http://purl.obolibrary.org/obo/MP_0030101;http://purl.obolibrary.org/obo/HP_0000670;0.833333333;0.333303068;1;1;1;0;0;0;4
http://purl.obolibrary.org/obo/MP_0004078;http://purl.obolibrary.org/obo/HP_0002339;0.947368421;0.499999985;1;0;0.560112034;0;0;2;4
http://purl.obolibrary.org/obo/MP_0003255;http://purl.obolibrary.org/obo/HP_0001408;0.875;0.333332779;1;1;1;0;0;4;4
http://purl.obolibrary.org/obo/MP_0003537;http://purl.obolibrary.org/obo/HP_0030010;0.846153846;0.333322199;1;1;1;0;0;4;4
http://purl.obolibrary.org/obo/MP_0008867;http://purl.obolibrary.org/obo/HP_0032382;0.875;0.333332779;1;0;0;0;0;0;4
http://purl.obolibrary.org/obo/MP_0000327;http://purl.obolibrary.org/obo/HP_0012543;0.833333333;0.333303068;1;1;1;0;0;4;4
http://purl.obolibrary.org/obo/MP_0012175;http://purl.obolibrary.org/obo/HP_0012368;0.875;0.499088949;1;1;1;0;0;4;4
http://purl.obolibrary.org/obo/MP_0003099;http://purl.obolibrary.org/obo/HP_0000541;0.846153846;0.333322199;1;0.285714286;0.9258201;0;0;0;4
http://purl.obolibrary.org/obo/MP_0012729;http://purl.obolibrary.org/obo/HP_0430021;0.944444444;0.499999959;1;0;0.482600483;0;0;2;4
http://purl.obolibrary.org/obo/MP_0000477;http://purl.obolibrary.org/obo/HP_0002242;0.941176471;0.499999887;1;0.044444444;0.517187254;0;0;0;4
http://purl.obolibrary.org/obo/MP_0003335;http://purl.obolibrary.org/obo/HP_0001738;0.9375;0.499999694;1;1;1;0;0;4;4
http://purl.obolibrary.org/obo/MP_0006199;http://purl.obolibrary.org/obo/HP_0025586;0.8;0.333109767;1;0;0;0;0;0;4
http://purl.obolibrary.org/obo/MP_0006064;http://purl.obolibrary.org/obo/HP_0025575;0.947368421;0.499999985;1;0;0.727334067;0;0;0;4
http://purl.obolibrary.org/obo/MP_0000454;http://purl.obolibrary.org/obo/HP_0030791;0.933333333;0.499999168;1;0.017985612;0.225111725;1;0;4;3
http://purl.obolibrary.org/obo/MP_0030843;http://purl.obolibrary.org/obo/HP_0003042;0.857142857;0.333329237;1;0;0.392540508;0;0;0;4
http://purl.obolibrary.org/obo/MP_0010407;http://purl.obolibrary.org/obo/HP_0011643;0.941176471;0.499999887;1;1;1;0;0;4;4
http://purl.obolibrary.org/obo/MP_0000414;http://purl.obolibrary.org/obo/HP_0001596;0.875;0.499088949;1;0;0;0;0;4;4
http://purl.obolibrary.org/obo/MP_0010207;http://purl.obolibrary.org/obo/HP_0031412;0.933333333;0.499999168;1;0;0.755928946;0;0;0;4
http://purl.obolibrary.org/obo/MP_0003689;http://purl.obolibrary.org/obo/HP_0000602;0.909090909;0.499954602;1;0;0;0;0;4;4
http://purl.obolibrary.org/obo/MP_0000493;http://purl.obolibrary.org/obo/HP_0002035;0.909090909;0.499954602;1;0;0;0;0;4;4
http://purl.obolibrary.org/obo/MP_0011745;http://purl.obolibrary.org/obo/HP_0031633;0.944444444;0.499999959;1;1;1;0;0;0;4
http://purl.obolibrary.org/obo/MP_0013872;http://purl.obolibrary.org/obo/HP_3000042;0.944444444;0.499999959;1;0;0.544331054;0;0;3;4
http://purl.obolibrary.org/obo/MP_0000489;http://purl.obolibrary.org/obo/HP_0002250;0.941176471;0.499999887;1;0.072289157;0.359533179;0;0;0;4
http://purl.obolibrary.org/obo/MP_0009909;http://purl.obolibrary.org/obo/HP_0010297;0.833333333;0.333303068;1;1;1;0;0;4;4
http://purl.obolibrary.org/obo/MP_0001433;http://purl.obolibrary.org/obo/HP_0002591;0.888888889;0.49966465;1;1;1;0;0;4;4
http://purl.obolibrary.org/obo/MP_0002640;http://purl.obolibrary.org/obo/HP_0001923;0.818181818;0.33325107;1;1;1;0;0;4;4
http://purl.obolibrary.org/obo/MP_0010527;http://purl.obolibrary.org/obo/HP_0005182;0.888888889;0.333333258;1;1;1;0;0;4;4
http://purl.obolibrary.org/obo/MP_0008117;http://purl.obolibrary.org/obo/HP_0031871;0.941176471;0.499999887;1;0;0.30429031;0;0;0;4
http://purl.obolibrary.org/obo/MP_0002686;http://purl.obolibrary.org/obo/HP_0012205;0.846153846;0.333322199;1;1;1;0;0;4;4
http://purl.obolibrary.org/obo/MP_0008438;http://purl.obolibrary.org/obo/HP_0031512;0.95;0.499999994;1;0;0;0;0;0;4
http://purl.obolibrary.org/obo/MP_0002674;http://purl.obolibrary.org/obo/HP_0012206;0.933333333;0.499999168;1;0;0.782229948;0;0;4;4
http://purl.obolibrary.org/obo/MP_0013856;http://purl.obolibrary.org/obo/HP_0012327;0.933333333;0.499999168;1;1;1;0;0;4;4
http://purl.obolibrary.org/obo/MP_0030472;http://purl.obolibrary.org/obo/HP_0011090;0.777777778;0.332725966;1;0;0;0;0;0;4
http://purl.obolibrary.org/obo/MP_0005475;http://purl.obolibrary.org/obo/HP_0031505;0.947368421;0.499999985;1;0.333333333;1;0;0;0;4
http://purl.obolibrary.org/obo/MP_0008814;http://purl.obolibrary.org/obo/HP_0000762;0.9375;0.499999694;1;0;0;0;0;4;4
http://purl.obolibrary.org/obo/MP_0001242;http://purl.obolibrary.org/obo/HP_0000962;0.833333333;0.333303068;1;0;0;1;0;4;3
http://purl.obolibrary.org/obo/MP_0006213;http://purl.obolibrary.org/obo/HP_0000586;0.916666667;0.499983299;1;1;1;0;0;4;4
http://purl.obolibrary.org/obo/MP_0008804;http://purl.obolibrary.org/obo/HP_0410282;0.944444444;0.499999959;1;0;0;0;0;0;4
http://purl.obolibrary.org/obo/MP_0030827;http://purl.obolibrary.org/obo/HP_0031846;0.9;0.499876605;1;1;1;0;0;0;4
http://purl.obolibrary.org/obo/MP_0003256;http://purl.obolibrary.org/obo/HP_0002613;0.833333333;0.333303068;1;1;1;0;0;4;4
http://purl.obolibrary.org/obo/MP_0003116;http://purl.obolibrary.org/obo/HP_0002748;0.75;0.331684918;1;0;0;0;0;4;4
http://purl.obolibrary.org/obo/MP_0004259;http://purl.obolibrary.org/obo/HP_0006266;0.818181818;0.33325107;1;0;0;0;0;4;4
http://purl.obolibrary.org/obo/MP_0006151;http://purl.obolibrary.org/obo/HP_0000483;0.857142857;0.497527377;1;0;0;0;0;4;4
http://purl.obolibrary.org/obo/MP_0009855;http://purl.obolibrary.org/obo/HP_0011800;0.866666667;0.333331826;1;1;1;0;0;4;4
http://purl.obolibrary.org/obo/MP_0000708;http://purl.obolibrary.org/obo/HP_0010516;0.857142857;0.333329237;1;1;1;0;0;4;4
http://purl.obolibrary.org/obo/MP_0001957;http://purl.obolibrary.org/obo/HP_0002104;0.8;0.48201379;1;0;0;0;0;4;4
http://purl.obolibrary.org/obo/MP_0013370;http://purl.obolibrary.org/obo/HP_0000970;0.777777778;0.332725966;1;1;1;0;0;4;4
http://purl.obolibrary.org/obo/MP_0012121;http://purl.obolibrary.org/obo/HP_0000647;0.777777778;0.332725966;1;1;1;0;0;4;4
http://purl.obolibrary.org/obo/MP_0003534;http://purl.obolibrary.org/obo/HP_0040314;0.8;0.333109767;1;1;1;0;0;4;4
http://purl.obolibrary.org/obo/MP_0003233;http://purl.obolibrary.org/obo/HP_0001657;0.875;0.333332779;1;0;0;0;0;4;4
http://purl.obolibrary.org/obo/MP_0000266;http://purl.obolibrary.org/obo/HP_0001627;0.933333333;0.499999168;1;0.0512;0.68471606;0;0;4;4
http://purl.obolibrary.org/obo/MP_0001426;http://purl.obolibrary.org/obo/HP_0001959;0.888888889;0.49966465;1;1;1;0;0;4;4
http://purl.obolibrary.org/obo/MP_0030064;http://purl.obolibrary.org/obo/HP_0000274;0.777777778;0.332725966;1;0.4;0.696310624;0;0;0;4
http://purl.obolibrary.org/obo/MP_0002092;http://purl.obolibrary.org/obo/HP_0012372;0.928571429;0.49999774;1;0.035938904;0.452037875;1;0;4;3
http://purl.obolibrary.org/obo/MP_0010431;http://purl.obolibrary.org/obo/HP_0011538;0.916666667;0.499983299;1;1;1;0;0;4;4
http://purl.obolibrary.org/obo/MP_0000067;http://purl.obolibrary.org/obo/HP_0011002;0.875;0.499088949;1;1;1;0;0;4;4
http://purl.obolibrary.org/obo/MP_0030368;http://purl.obolibrary.org/obo/HP_0000243;0.857142857;0.333329237;1;1;1;0;0;0;4
http://purl.obolibrary.org/obo/MP_0001317;http://purl.obolibrary.org/obo/HP_0000615;0.933333333;0.499999168;1;0.058823529;0.40411193;1;0;0;3
http://purl.obolibrary.org/obo/MP_0001399;http://purl.obolibrary.org/obo/HP_0000752;0.818181818;0.33325107;1;0;0.312771621;0;0;4;4
http://purl.obolibrary.org/obo/MP_0005477;http://purl.obolibrary.org/obo/HP_0031506;0.947368421;0.499999985;1;1;1;0;0;0;4
http://purl.obolibrary.org/obo/MP_0003142;http://purl.obolibrary.org/obo/HP_0009892;0.833333333;0.493307149;1;1;1;0;0;4;4
http://purl.obolibrary.org/obo/MP_0030682;http://purl.obolibrary.org/obo/HP_0003080;0.846153846;0.333322199;1;1;1;0;0;0;4
http://purl.obolibrary.org/obo/MP_0004604;http://purl.obolibrary.org/obo/HP_0030277;0.947368421;0.499999985;1;0;0.516397779;0;0;4;4
http://purl.obolibrary.org/obo/MP_0003100;http://purl.obolibrary.org/obo/HP_0000545;0.714285714;0.328871433;1;0.2;0.774596669;0;0;4;4
http://purl.obolibrary.org/obo/MP_0030262;http://purl.obolibrary.org/obo/HP_0002007;0.846153846;0.333322199;1;1;1;0;0;0;4
http://purl.obolibrary.org/obo/MP_0001297;http://purl.obolibrary.org/obo/HP_0000568;0.909090909;0.499954602;1;0;0;0;0;0;4
http://purl.obolibrary.org/obo/MP_0002936;http://purl.obolibrary.org/obo/HP_0001386;0.833333333;0.333303068;1;1;1;0;0;4;4
http://purl.obolibrary.org/obo/MP_0000636;http://purl.obolibrary.org/obo/HP_0012505;0.928571429;0.49999774;1;0;0;0;0;4;4
http://purl.obolibrary.org/obo/MP_0003848;http://purl.obolibrary.org/obo/HP_0002299;0.8;0.333109767;1;0;0;0;0;4;4
http://purl.obolibrary.org/obo/MP_0009106;http://purl.obolibrary.org/obo/HP_0012094;0.933333333;0.499999168;1;0;0.314189359;0;0;4;4
http://purl.obolibrary.org/obo/MP_0009710;http://purl.obolibrary.org/obo/HP_0012154;0.875;0.499088949;1;1;1;0;0;4;4
http://purl.obolibrary.org/obo/MP_0004158;http://purl.obolibrary.org/obo/HP_0012020;0.9;0.499876605;1;0;0;0;0;4;4
http://purl.obolibrary.org/obo/MP_0006061;http://purl.obolibrary.org/obo/HP_0011536;0.923076923;0.499993856;1;1;1;0;0;4;4
http://purl.obolibrary.org/obo/MP_0011249;http://purl.obolibrary.org/obo/HP_0003363;0.9375;0.499999694;1;1;1;0;0;4;4
http://purl.obolibrary.org/obo/MP_0000562;http://purl.obolibrary.org/obo/HP_0010442;0.777777778;0.332725966;1;0.015384615;0.171061678;0;0;4;4
http://purl.obolibrary.org/obo/MP_0006110;http://purl.obolibrary.org/obo/HP_0001663;0.866666667;0.333331826;1;1;1;0;0;4;4
http://purl.obolibrary.org/obo/MP_0030614;http://purl.obolibrary.org/obo/HP_0012120;0.9375;0.499999694;1;1;1;0;0;0;4
http://purl.obolibrary.org/obo/MP_0011513;http://purl.obolibrary.org/obo/HP_0030321;0.9375;0.499999694;1;0;0.611320791;0;0;0;4
http://purl.obolibrary.org/obo/MP_0030860;http://purl.obolibrary.org/obo/HP_0002999;0.857142857;0.333329237;1;0;0;0;0;0;4
http://purl.obolibrary.org/obo/MP_0005652;http://purl.obolibrary.org/obo/HP_0012245;0.888888889;0.49966465;1;0;0;0;0;4;4
http://purl.obolibrary.org/obo/MP_0001177;http://purl.obolibrary.org/obo/HP_0100750;0.875;0.499088949;1;0;0;0;0;0;4
http://purl.obolibrary.org/obo/MP_0020173;http://purl.obolibrary.org/obo/HP_0410241;0.928571429;0.49999774;1;0;0.501280412;0;0;0;4
http://purl.obolibrary.org/obo/MP_0003328;http://purl.obolibrary.org/obo/HP_0001409;0.928571429;0.49999774;1;0;0;0;0;4;4
http://purl.obolibrary.org/obo/MP_0011491;http://purl.obolibrary.org/obo/HP_0000074;0.9375;0.499999694;1;1;1;0;0;4;4
http://purl.obolibrary.org/obo/MP_0005293;http://purl.obolibrary.org/obo/HP_0040270;0.941176471;0.499999887;1;0;0;0;0;0;4
http://purl.obolibrary.org/obo/MP_0005195;http://purl.obolibrary.org/obo/HP_0004329;0.941176471;0.499999887;1;0.017786561;0.532133261;0;0;2;4
http://purl.obolibrary.org/obo/MP_0004079;http://purl.obolibrary.org/obo/HP_0031982;0.9375;0.499999694;1;1;1;0;0;0;4
http://purl.obolibrary.org/obo/MP_0002160;http://purl.obolibrary.org/obo/HP_0012243;0.952380952;0.499999998;1;0.030508475;0.337982215;0;0;4;4
http://purl.obolibrary.org/obo/MP_0005415;http://purl.obolibrary.org/obo/HP_0001406;0.928571429;0.49999774;1;0;0;0;0;4;4
http://purl.obolibrary.org/obo/MP_0008736;http://purl.obolibrary.org/obo/HP_0002983;0.888888889;0.49966465;1;0;0;0;0;4;4
http://purl.obolibrary.org/obo/MP_0004609;http://purl.obolibrary.org/obo/HP_0002948;0.866666667;0.333331826;1;0;0.73216578;0;0;4;4
http://purl.obolibrary.org/obo/MP_0010520;http://purl.obolibrary.org/obo/HP_0012723;0.846153846;0.333322199;1;0;0;0;0;4;4
http://purl.obolibrary.org/obo/MP_0000748;http://purl.obolibrary.org/obo/HP_0003323;0.888888889;0.333333258;1;0;0;0;0;4;4
http://purl.obolibrary.org/obo/MP_0003494;http://purl.obolibrary.org/obo/HP_0000860;0.923076923;0.499993856;1;1;1;0;0;4;4
http://purl.obolibrary.org/obo/MP_0008815;http://purl.obolibrary.org/obo/HP_0030855;0.933333333;0.499999168;1;1;1;0;0;4;4
http://purl.obolibrary.org/obo/MP_0002769;http://purl.obolibrary.org/obo/HP_0012872;0.944444444;0.499999959;1;0.25;0.760638829;0;0;4;4
http://purl.obolibrary.org/obo/MP_0000358;http://purl.obolibrary.org/obo/HP_0025461;0.933333333;0.499999168;1;0.010928962;0.641020676;1;0;4;3
http://purl.obolibrary.org/obo/MP_0000062;http://purl.obolibrary.org/obo/HP_0011001;0.9375;0.499999694;1;0;0.122241328;0;0;4;4
http://purl.obolibrary.org/obo/MP_0002996;http://purl.obolibrary.org/obo/HP_0012861;0.857142857;0.497527377;1;1;1;0;0;4;4
http://purl.obolibrary.org/obo/MP_0000350;http://purl.obolibrary.org/obo/HP_0031377;0.933333333;0.499999168;1;0.018018018;0.804886608;1;0;0;3
http://purl.obolibrary.org/obo/MP_0010636;http://purl.obolibrary.org/obo/HP_0011710;0.928571429;0.49999774;1;0;0;0;0;4;4
http://purl.obolibrary.org/obo/MP_0030098;http://purl.obolibrary.org/obo/HP_0000629;0.866666667;0.333331826;1;1;1;0;0;0;4
http://purl.obolibrary.org/obo/MP_0008003;http://purl.obolibrary.org/obo/HP_0032448;0.9;0.499876605;1;1;1;0;0;0;4
http://purl.obolibrary.org/obo/MP_0010437;http://purl.obolibrary.org/obo/HP_0031783;0.928571429;0.49999774;1;1;1;0;0;0;4
http://purl.obolibrary.org/obo/MP_0001846;http://purl.obolibrary.org/obo/HP_0012649;0.941176471;0.499999887;1;0.038327526;0.151561846;1;0;4;3
http://purl.obolibrary.org/obo/MP_0008737;http://purl.obolibrary.org/obo/HP_0025409;0.9375;0.499999694;1;0;0;0;0;4;4
http://purl.obolibrary.org/obo/MP_0020174;http://purl.obolibrary.org/obo/HP_0410242;0.928571429;0.49999774;1;0;0.492731469;0;0;0;4
http://purl.obolibrary.org/obo/MP_0004038;http://purl.obolibrary.org/obo/HP_0031842;0.857142857;0.333329237;1;0;0;0;0;0;4
http://purl.obolibrary.org/obo/MP_0005193;http://purl.obolibrary.org/obo/HP_0004328;0.941176471;0.499999887;1;0.046070461;0.440411367;1;0;3;3
http://purl.obolibrary.org/obo/MP_0012339;http://purl.obolibrary.org/obo/HP_0002153;0.818181818;0.33325107;1;1;1;0;0;4;4
http://purl.obolibrary.org/obo/MP_0030042;http://purl.obolibrary.org/obo/HP_0002003;0.818181818;0.33325107;1;0;0;1;0;0;3
http://purl.obolibrary.org/obo/MP_0003054;http://purl.obolibrary.org/obo/HP_0002414;0.8;0.333109767;1;0.052631579;0.683763459;0;0;0;4
http://purl.obolibrary.org/obo/MP_0004370;http://purl.obolibrary.org/obo/HP_0003988;0.875;0.499088949;1;1;1;0;0;4;4
http://purl.obolibrary.org/obo/MP_0030069;http://purl.obolibrary.org/obo/HP_0000283;0.8;0.333109767;1;1;1;0;0;0;4
http://purl.obolibrary.org/obo/MP_0000231;http://purl.obolibrary.org/obo/HP_0000822;0.818181818;0.33325107;1;0;0.507092553;0;0;4;4
http://purl.obolibrary.org/obo/MP_0008461;http://purl.obolibrary.org/obo/HP_0011537;0.916666667;0.499983299;1;1;1;0;0;4;4
http://purl.obolibrary.org/obo/MP_0002880;http://purl.obolibrary.org/obo/HP_0002179;0.888888889;0.49966465;1;1;1;0;0;4;4
http://purl.obolibrary.org/obo/MP_0011320;http://purl.obolibrary.org/obo/HP_0025006;0.941176471;0.499999887;1;0;0.533992991;0;0;4;4
http://purl.obolibrary.org/obo/MP_0002318;http://purl.obolibrary.org/obo/HP_0012416;0.8;0.333109767;1;1;1;0;0;4;4
http://purl.obolibrary.org/obo/MP_0003352;http://purl.obolibrary.org/obo/HP_0000848;0.933333333;0.499999168;1;1;1;0;0;4;4
http://purl.obolibrary.org/obo/MP_0003557;http://purl.obolibrary.org/obo/HP_0012873;0.916666667;0.499983299;1;1;1;0;0;4;4
http://purl.obolibrary.org/obo/MP_0030117;http://purl.obolibrary.org/obo/HP_0011803;0.8;0.333109767;1;1;1;0;0;0;4
http://purl.obolibrary.org/obo/MP_0005263;http://purl.obolibrary.org/obo/HP_0001083;0.916666667;0.499983299;1;0;0;0;0;4;4
http://purl.obolibrary.org/obo/MP_0030796;http://purl.obolibrary.org/obo/HP_0002827;0.846153846;0.333322199;1;0;0;0;0;0;4
http://purl.obolibrary.org/obo/MP_0010530;http://purl.obolibrary.org/obo/HP_0002408;0.882352941;0.333333129;1;1;1;0;0;4;4
http://purl.obolibrary.org/obo/MP_0002329;http://purl.obolibrary.org/obo/HP_0012415;0.928571429;0.49999774;1;0.142857143;0.2;1;0;4;3
http://purl.obolibrary.org/obo/MP_0030223;http://purl.obolibrary.org/obo/HP_0004472;0.888888889;0.333333258;1;1;1;0;0;0;4
http://purl.obolibrary.org/obo/MP_0011405;http://purl.obolibrary.org/obo/HP_0001970;0.933333333;0.499999168;1;0;0;0;0;4;4
http://purl.obolibrary.org/obo/MP_0011174;http://purl.obolibrary.org/obo/HP_0009125;0.818181818;0.33325107;1;0;0;0;0;4;4
http://purl.obolibrary.org/obo/MP_0004159;http://purl.obolibrary.org/obo/HP_0011590;0.857142857;0.333329237;1;0;0.670820393;0;0;4;4
http://purl.obolibrary.org/obo/MP_0005584;http://purl.obolibrary.org/obo/HP_0012379;0.941176471;0.499999887;1;0.003952569;0.763961396;0;0;4;4
http://purl.obolibrary.org/obo/MP_0003130;http://purl.obolibrary.org/obo/HP_0002023;0.9;0.499876605;1;1;1;0;0;4;4
http://purl.obolibrary.org/obo/MP_0009908;http://purl.obolibrary.org/obo/HP_0010808;0.833333333;0.333303068;1;1;1;0;0;4;4
http://purl.obolibrary.org/obo/MP_0005301;http://purl.obolibrary.org/obo/HP_0011488;0.947368421;0.499999985;1;0;0.411113226;0;0;2;4
http://purl.obolibrary.org/obo/MP_0011854;http://purl.obolibrary.org/obo/HP_0002181;0.8;0.333109767;1;1;1;0;0;4;4
http://purl.obolibrary.org/obo/MP_0003286;http://purl.obolibrary.org/obo/HP_0002020;0.933333333;0.499999168;1;1;1;0;0;4;4
http://purl.obolibrary.org/obo/MP_0011013;http://purl.obolibrary.org/obo/HP_0410397;0.846153846;0.333322199;1;1;1;0;0;0;4
http://purl.obolibrary.org/obo/MP_0000154;http://purl.obolibrary.org/obo/HP_0000902;0.8;0.333109767;1;0;0;0;0;4;4
http://purl.obolibrary.org/obo/MP_0002208;http://purl.obolibrary.org/obo/HP_0012862;0.933333333;0.499999168;1;0.027777778;0.663055937;0;0;4;4
http://purl.obolibrary.org/obo/MP_0011684;http://purl.obolibrary.org/obo/HP_0031561;0.9;0.333333323;0.730296743;1;1;0;0;0;4
http://purl.obolibrary.org/obo/MP_0013393;http://purl.obolibrary.org/obo/HP_0430007;0.846153846;0.333322199;1;1;1;0;0;4;4
http://purl.obolibrary.org/obo/MP_0010971;http://purl.obolibrary.org/obo/HP_0030313;0.944444444;0.499999959;1;0;0;0;0;4;4
http://purl.obolibrary.org/obo/MP_0005331;http://purl.obolibrary.org/obo/HP_0000855;0.916666667;0.499983299;1;0;0;0;0;4;4
http://purl.obolibrary.org/obo/MP_0005345;http://purl.obolibrary.org/obo/HP_0012112;0.941176471;0.499999887;1;0.666666667;0.943456353;0;0;4;4
http://purl.obolibrary.org/obo/MP_0011516;http://purl.obolibrary.org/obo/HP_0012068;0.933333333;0.499999168;1;1;1;0;0;4;4
http://purl.obolibrary.org/obo/MP_0030496;http://purl.obolibrary.org/obo/HP_0000679;0.888888889;0.49966465;1;1;1;0;0;0;4
http://purl.obolibrary.org/obo/MP_0000534;http://purl.obolibrary.org/obo/HP_0025633;0.9375;0.499999694;1;0.066666667;0.375954692;1;0;0;3
http://purl.obolibrary.org/obo/MP_0030193;http://purl.obolibrary.org/obo/HP_0000322;0.833333333;0.333303068;1;1;1;0;0;0;4
http://purl.obolibrary.org/obo/MP_0003405;http://purl.obolibrary.org/obo/HP_0012524;0.928571429;0.49999774;1;1;1;0;0;4;4
http://purl.obolibrary.org/obo/MP_0003427;http://purl.obolibrary.org/obo/HP_0001036;0.8;0.333109767;1;0;0;0;0;4;4
http://purl.obolibrary.org/obo/MP_0009276;http://purl.obolibrary.org/obo/HP_0031364;0.777777778;0.332725966;1;1;1;0;0;0;4
http://purl.obolibrary.org/obo/MP_0020180;http://purl.obolibrary.org/obo/HP_0410243;0.928571429;0.49999774;1;0;0.578691387;0;0;0;4
http://purl.obolibrary.org/obo/MP_0002882;http://purl.obolibrary.org/obo/HP_0012757;0.933333333;0.499999168;1;0.003802281;0.595417154;0;0;4;4
http://purl.obolibrary.org/obo/MP_0010028;http://purl.obolibrary.org/obo/HP_0012072;0.857142857;0.497527377;1;0.139534884;0.687563371;0;0;4;4
http://purl.obolibrary.org/obo/MP_0002993;http://purl.obolibrary.org/obo/HP_0001369;0.714285714;0.328871433;1;0.041666667;0.541479511;0;0;4;4
http://purl.obolibrary.org/obo/MP_0000837;http://purl.obolibrary.org/obo/HP_0012286;0.9375;0.499999694;1;0;0.356616432;0;0;4;4
http://purl.obolibrary.org/obo/MP_0030689;http://purl.obolibrary.org/obo/HP_0003153;0.833333333;0.333303068;1;1;1;0;0;0;4
http://purl.obolibrary.org/obo/MP_0006249;http://purl.obolibrary.org/obo/HP_0000667;0.8;0.333109767;1;1;1;0;0;4;4
http://purl.obolibrary.org/obo/MP_0008816;http://purl.obolibrary.org/obo/HP_0000967;0.75;0.331684918;1;1;1;0;0;4;4
http://purl.obolibrary.org/obo/MP_0011656;http://purl.obolibrary.org/obo/HP_0031563;0.823529412;0.249999584;0.666666667;1;1;0;0;0;4
http://purl.obolibrary.org/obo/MP_0011922;http://purl.obolibrary.org/obo/HP_0031427;0.941176471;0.499999887;1;0;0;0;0;0;4
http://purl.obolibrary.org/obo/MP_0011252;http://purl.obolibrary.org/obo/HP_0001696;0.923076923;0.499993856;1;1;1;0;0;4;4
http://purl.obolibrary.org/obo/MP_0006326;http://purl.obolibrary.org/obo/HP_0000405;0.941176471;0.499999887;1;0;0.63671454;0;0;4;4
http://purl.obolibrary.org/obo/MP_0010660;http://purl.obolibrary.org/obo/HP_0004959;0.941176471;0.499999887;1;0;0;0;0;0;4
http://purl.obolibrary.org/obo/MP_0011659;http://purl.obolibrary.org/obo/HP_0011613;0.777777778;0.199999667;0.8;1;1;0;0;4;3
http://purl.obolibrary.org/obo/MP_0002811;http://purl.obolibrary.org/obo/HP_0001972;0.916666667;0.499983299;1;0;0.70979541;0;0;4;4
http://purl.obolibrary.org/obo/MP_0005261;http://purl.obolibrary.org/obo/HP_0000526;0.833333333;0.493307149;1;1;1;0;0;4;4
http://purl.obolibrary.org/obo/MP_0005414;http://purl.obolibrary.org/obo/HP_0012334;0.928571429;0.49999774;1;1;1;0;0;4;4
http://purl.obolibrary.org/obo/MP_0001788;http://purl.obolibrary.org/obo/HP_0100539;0.846153846;0.333322199;1;0;0.857492926;0;0;4;4
http://purl.obolibrary.org/obo/MP_0003362;http://purl.obolibrary.org/obo/HP_0000837;0.941176471;0.499999887;1;0;0.736788398;0;0;4;4
http://purl.obolibrary.org/obo/MP_0002102;http://purl.obolibrary.org/obo/HP_0031703;0.928571429;0.49999774;1;0.012195122;0.205538081;0;0;0;4
http://purl.obolibrary.org/obo/MP_0003028;http://purl.obolibrary.org/obo/HP_0001948;0.857142857;0.497527377;1;0;0;0;0;4;4
http://purl.obolibrary.org/obo/MP_0001139;http://purl.obolibrary.org/obo/HP_0000142;0.933333333;0.499999168;1;0.084745763;0.46725597;1;0;2;3
http://purl.obolibrary.org/obo/MP_0002698;http://purl.obolibrary.org/obo/HP_0000591;0.9375;0.499999694;1;0;0.113227703;0;0;2;4
http://purl.obolibrary.org/obo/MP_0003288;http://purl.obolibrary.org/obo/HP_0005225;0.909090909;0.499954602;1;0;0;0;0;4;4
http://purl.obolibrary.org/obo/MP_0005353;http://purl.obolibrary.org/obo/HP_0003045;0.933333333;0.499999168;1;0.071428571;0.635998728;0;0;0;4
http://purl.obolibrary.org/obo/MP_0005094;http://purl.obolibrary.org/obo/HP_0031379;0.9375;0.499999694;1;0;0.828078671;0;0;0;4
http://purl.obolibrary.org/obo/MP_0008101;http://purl.obolibrary.org/obo/HP_0002732;0.928571429;0.49999774;1;1;1;0;0;4;4
http://purl.obolibrary.org/obo/MP_0003968;http://purl.obolibrary.org/obo/HP_0032367;0.933333333;0.499999168;1;0;0.60764362;0;0;0;4
http://purl.obolibrary.org/obo/MP_0002667;http://purl.obolibrary.org/obo/HP_0004319;0.9375;0.499999694;1;1;1;0;0;4;4
http://purl.obolibrary.org/obo/MP_0000465;http://purl.obolibrary.org/obo/HP_0002239;0.928571429;0.49999774;1;0;0.195180015;0;0;4;4
http://purl.obolibrary.org/obo/MP_0008144;http://purl.obolibrary.org/obo/HP_0000662;0.8;0.333109767;1;0;0;0;0;4;4
http://purl.obolibrary.org/obo/MP_0000762;http://purl.obolibrary.org/obo/HP_0030809;0.9375;0.499999694;1;0.033333333;0.613807625;0;0;4;4
http://purl.obolibrary.org/obo/MP_0008852;http://purl.obolibrary.org/obo/HP_0030666;0.933333333;0.499999168;1;0;0.632455532;0;0;4;4
http://purl.obolibrary.org/obo/MP_0020406;http://purl.obolibrary.org/obo/HP_0003296;0.916666667;0.499983299;1;1;1;0;0;4;4
http://purl.obolibrary.org/obo/MP_0030790;http://purl.obolibrary.org/obo/HP_0002812;0.75;0.331684918;1;1;1;0;0;0;4
http://purl.obolibrary.org/obo/MP_0005253;http://purl.obolibrary.org/obo/HP_0012373;0.9375;0.499999694;1;0.027552674;0.408956984;0;0;4;4
http://purl.obolibrary.org/obo/MP_0005328;http://purl.obolibrary.org/obo/HP_0012100;0.9375;0.499999694;1;0;0.422577127;0;0;4;4
http://purl.obolibrary.org/obo/MP_0030032;http://purl.obolibrary.org/obo/HP_0000348;0.909090909;0.499954602;1;1;1;0;0;0;4
http://purl.obolibrary.org/obo/MP_0003658;http://purl.obolibrary.org/obo/HP_0025016;0.933333333;0.499999168;1;0;0;0;0;4;4
http://purl.obolibrary.org/obo/MP_0003635;http://purl.obolibrary.org/obo/HP_0012535;0.933333333;0.499999168;1;0;0.110452723;0;0;4;4
http://purl.obolibrary.org/obo/MP_0010714;http://purl.obolibrary.org/obo/HP_0000612;0.909090909;0.499954602;1;1;1;0;0;4;4
http://purl.obolibrary.org/obo/MP_0009668;http://purl.obolibrary.org/obo/HP_0031456;0.923076923;0.499993856;1;1;1;0;0;0;4
http://purl.obolibrary.org/obo/MP_0001915;http://purl.obolibrary.org/obo/HP_0002170;0.928571429;0.49999774;1;0.058823529;0.813676204;0;0;4;4
http://purl.obolibrary.org/obo/MP_0009027;http://purl.obolibrary.org/obo/HP_0012703;0.947368421;0.499999985;1;0;0.10638079;0;0;0;4
http://purl.obolibrary.org/obo/MP_0001762;http://purl.obolibrary.org/obo/HP_0000103;0.777777778;0.332725966;1;1;1;0;0;4;4
http://purl.obolibrary.org/obo/MP_0001953;http://purl.obolibrary.org/obo/HP_0002878;0.928571429;0.49999774;1;1;1;0;0;4;4
http://purl.obolibrary.org/obo/MP_0000624;http://purl.obolibrary.org/obo/HP_0000217;0.8;0.333109767;1;1;1;0;0;4;4
http://purl.obolibrary.org/obo/MP_0010466;http://purl.obolibrary.org/obo/HP_0010775;0.833333333;0.333303068;1;0;0;1;0;4;3
http://purl.obolibrary.org/obo/MP_0001262;http://purl.obolibrary.org/obo/HP_0004325;0.9375;0.499999694;1;0.083333333;0.150970271;0;0;4;4
http://purl.obolibrary.org/obo/MP_0020441;http://purl.obolibrary.org/obo/HP_0012230;0.941176471;0.499999887;1;1;1;0;0;0;4
http://purl.obolibrary.org/obo/MP_0001924;http://purl.obolibrary.org/obo/HP_0000789;0.888888889;0.49966465;1;1;1;0;0;4;4
http://purl.obolibrary.org/obo/MP_0000561;http://purl.obolibrary.org/obo/HP_0009776;0.857142857;0.497527377;1;0;0;0;0;4;4
http://purl.obolibrary.org/obo/MP_0002665;http://purl.obolibrary.org/obo/HP_0032363;0.9375;0.499999694;1;1;1;0;0;0;4
http://purl.obolibrary.org/obo/MP_0003276;http://purl.obolibrary.org/obo/HP_0002032;0.923076923;0.499993856;1;0;0;0;0;4;4
http://purl.obolibrary.org/obo/MP_0001864;http://purl.obolibrary.org/obo/HP_0002633;0.777777778;0.332725966;1;0;0;1;0;4;3
http://purl.obolibrary.org/obo/MP_0003101;http://purl.obolibrary.org/obo/HP_0011003;0.9;0.499876605;1;1;1;0;0;4;4
http://purl.obolibrary.org/obo/MP_0003296;http://purl.obolibrary.org/obo/HP_0004388;0.75;0.331684918;1;1;1;0;0;4;4
http://purl.obolibrary.org/obo/MP_0008784;http://purl.obolibrary.org/obo/HP_0030770;0.888888889;0.49966465;1;1;1;0;0;4;4
http://purl.obolibrary.org/obo/MP_0000647;http://purl.obolibrary.org/obo/HP_0032226;0.944444444;0.499999959;1;0;0.299880072;0;0;0;4
http://purl.obolibrary.org/obo/MP_0000109;http://purl.obolibrary.org/obo/HP_0002696;0.9375;0.499999694;1;0;0.766660019;0;0;3;4
http://purl.obolibrary.org/obo/MP_0005190;http://purl.obolibrary.org/obo/HP_0002754;0.888888889;0.49966465;1;0;0;0;0;4;4
http://purl.obolibrary.org/obo/MP_0011633;http://purl.obolibrary.org/obo/HP_0012087;0.941176471;0.499999887;1;0;0;0;0;4;4
http://purl.obolibrary.org/obo/MP_0030030;http://purl.obolibrary.org/obo/HP_0002645;1;0.999966597;1;1;1;0;0;0;4
http://purl.obolibrary.org/obo/MP_0011926;http://purl.obolibrary.org/obo/HP_0031653;0.944444444;0.499999959;1;0;0.677239873;0;0;0;4
http://purl.obolibrary.org/obo/MP_0030801;http://purl.obolibrary.org/obo/HP_0025230;0.875;0.499088949;1;0;0;0;0;0;4
http://purl.obolibrary.org/obo/MP_0030499;http://purl.obolibrary.org/obo/HP_0000698;0.9;0.499876605;1;0;0.490290338;0;0;0;4
http://purl.obolibrary.org/obo/MP_0003031;http://purl.obolibrary.org/obo/HP_0001941;0.714285714;0.328871433;1;0.096774194;0.942715634;0;0;4;4
http://purl.obolibrary.org/obo/MP_0001312;http://purl.obolibrary.org/obo/HP_0000481;0.933333333;0.499999168;1;0.05;0.667096259;1;0;0;3
http://purl.obolibrary.org/obo/MP_0011317;http://purl.obolibrary.org/obo/HP_0008776;0.933333333;0.499999168;1;0.142857143;0.823885841;0;0;2;4
http://purl.obolibrary.org/obo/MP_0009867;http://purl.obolibrary.org/obo/HP_0031784;0.947368421;0.499999985;1;0.071428571;0.552176284;0;0;0;4
http://purl.obolibrary.org/obo/MP_0001879;http://purl.obolibrary.org/obo/HP_0100766;0.947368421;0.499999985;1;0.066666667;0.370817713;0;0;0;4
http://purl.obolibrary.org/obo/MP_0011786;http://purl.obolibrary.org/obo/HP_0025407;0.928571429;0.49999774;1;1;1;0;0;4;4
http://purl.obolibrary.org/obo/MP_0030029;http://purl.obolibrary.org/obo/HP_0010537;0.857142857;0.333329237;1;0;0;0;0;0;4
http://purl.obolibrary.org/obo/MP_0000284;http://purl.obolibrary.org/obo/HP_0001719;0.875;0.333332779;1;0;0.715801373;0;0;4;4
http://purl.obolibrary.org/obo/MP_0003052;http://purl.obolibrary.org/obo/HP_0001539;0.888888889;0.49966465;1;1;1;0;0;4;4
http://purl.obolibrary.org/obo/MP_0012549;http://purl.obolibrary.org/obo/HP_0012418;0.8;0.333109767;1;0;0;0;0;4;4
http://purl.obolibrary.org/obo/MP_0003745;http://purl.obolibrary.org/obo/HP_0011830;0.9375;0.499999694;1;0.017857143;0.259235023;1;0;0;3
http://purl.obolibrary.org/obo/MP_0003741;http://purl.obolibrary.org/obo/HP_0000360;0.833333333;0.493307149;1;0;0;0;0;4;4
http://purl.obolibrary.org/obo/MP_0008140;http://purl.obolibrary.org/obo/HP_0031266;0.933333333;0.499999168;1;1;1;0;0;0;4
http://purl.obolibrary.org/obo/MP_0000747;http://purl.obolibrary.org/obo/HP_0001324;0.833333333;0.333303068;1;0.014925373;0.646389217;0;0;4;4
http://purl.obolibrary.org/obo/MP_0005330;http://purl.obolibrary.org/obo/HP_0001638;0.833333333;0.333303068;1;0.066666667;0.827605889;0;0;4;4
http://purl.obolibrary.org/obo/MP_0001260;http://purl.obolibrary.org/obo/HP_0004324;0.941176471;0.499999887;1;0;0;0;0;4;4
http://purl.obolibrary.org/obo/MP_0003522;http://purl.obolibrary.org/obo/HP_0008683;0.923076923;0.499993856;1;1;1;0;0;4;4
http://purl.obolibrary.org/obo/MP_0008863;http://purl.obolibrary.org/obo/HP_0004484;0.933333333;0.499999168;1;0;0;1;0;4;3
http://purl.obolibrary.org/obo/MP_0006000;http://purl.obolibrary.org/obo/HP_0011495;0.944444444;0.499999959;1;0;0.503737878;0;0;2;4
http://purl.obolibrary.org/obo/MP_0006290;http://purl.obolibrary.org/obo/HP_0012806;0.75;0.331684918;1;1;1;0;0;4;4
http://purl.obolibrary.org/obo/MP_0006185;http://purl.obolibrary.org/obo/HP_0000573;0.923076923;0.499993856;1;0;0;0;0;4;4
http://purl.obolibrary.org/obo/MP_0003250;http://purl.obolibrary.org/obo/HP_0011467;0.916666667;0.499983299;1;1;1;0;0;4;4
http://purl.obolibrary.org/obo/MP_0006153;http://purl.obolibrary.org/obo/HP_0000540;0.818181818;0.33325107;1;0;0;0;0;4;4
http://purl.obolibrary.org/obo/MP_0005272;http://purl.obolibrary.org/obo/HP_0009911;0.933333333;0.499999168;1;0;0.058255173;0;0;0;4
http://purl.obolibrary.org/obo/MP_0011421;http://purl.obolibrary.org/obo/HP_0012615;0.8;0.333109767;1;0;0;0;0;4;4
http://purl.obolibrary.org/obo/MP_0001293;http://purl.obolibrary.org/obo/HP_0000528;0.9;0.499876605;1;0;0;0;0;4;4
http://purl.obolibrary.org/obo/MP_0004321;http://purl.obolibrary.org/obo/HP_0000879;0.909090909;0.499954602;1;1;1;0;0;4;4
http://purl.obolibrary.org/obo/MP_0003698;http://purl.obolibrary.org/obo/HP_0012874;0.952380952;0.499999998;1;0.031746032;0.42411034;1;0;4;3
http://purl.obolibrary.org/obo/MP_0011420;http://purl.obolibrary.org/obo/HP_0012085;0.714285714;0.328871433;1;0;0;0;0;4;4
http://purl.obolibrary.org/obo/MP_0030062;http://purl.obolibrary.org/obo/HP_0000452;0.833333333;0.333303068;1;0;0;0;0;0;4
http://purl.obolibrary.org/obo/MP_0002544;http://purl.obolibrary.org/obo/HP_0001156;0.8;0.333109767;1;0;0;0;0;0;4
http://purl.obolibrary.org/obo/MP_0013548;http://purl.obolibrary.org/obo/HP_0000176;0.941176471;0.499999887;1;1;1;0;0;4;4
http://purl.obolibrary.org/obo/MP_0009250;http://purl.obolibrary.org/obo/HP_0011844;0.952380952;0.499999998;1;0.003197442;0.157962301;0;0;4;4
http://purl.obolibrary.org/obo/MP_0013371;http://purl.obolibrary.org/obo/HP_0000966;0.888888889;0.49966465;1;0;0;0;0;4;4
http://purl.obolibrary.org/obo/MP_0002321;http://purl.obolibrary.org/obo/HP_0002791;0.833333333;0.333303068;1;0;0;0;0;4;4
http://purl.obolibrary.org/obo/MP_0004204;http://purl.obolibrary.org/obo/HP_0011456;0.888888889;0.49966465;1;1;1;0;0;4;4
http://purl.obolibrary.org/obo/MP_0005184;http://purl.obolibrary.org/obo/HP_0031212;0.944444444;0.499999959;1;0;0.777844468;0;0;0;4
http://purl.obolibrary.org/obo/MP_0003974;http://purl.obolibrary.org/obo/HP_0004306;0.944444444;0.499999959;1;0;0;0;0;0;4
http://purl.obolibrary.org/obo/MP_0010719;http://purl.obolibrary.org/obo/HP_0020006;0.916666667;0.499983299;1;1;1;0;0;4;4
http://purl.obolibrary.org/obo/MP_0005170;http://purl.obolibrary.org/obo/HP_0000204;0.818181818;0.33325107;1;0;0;0;0;4;4
http://purl.obolibrary.org/obo/MP_0003361;http://purl.obolibrary.org/obo/HP_0030338;0.944444444;0.499999959;1;0.307692308;0.938751779;0;0;4;4
http://purl.obolibrary.org/obo/MP_0001378;http://purl.obolibrary.org/obo/HP_0012875;0.933333333;0.499999168;1;0;0.480384461;0;0;4;4
http://purl.obolibrary.org/obo/MP_0002001;http://purl.obolibrary.org/obo/HP_0000618;0.75;0.331684918;1;0;0.588348405;1;0;4;3
http://purl.obolibrary.org/obo/MP_0004720;http://purl.obolibrary.org/obo/HP_0011875;0.933333333;0.499999168;1;0.023255814;0.503412969;0;0;4;4
http://purl.obolibrary.org/obo/MP_0002788;http://purl.obolibrary.org/obo/HP_0010458;0.875;0.333332779;1;1;1;0;0;4;4
http://purl.obolibrary.org/obo/MP_0004844;http://purl.obolibrary.org/obo/HP_0007670;0.894736842;0.333333306;0.666666667;0;0.460815613;0;0;4;4
http://purl.obolibrary.org/obo/MP_0004351;http://purl.obolibrary.org/obo/HP_0005792;0.9;0.499876605;1;1;1;0;0;4;4
http://purl.obolibrary.org/obo/MP_0003555;http://purl.obolibrary.org/obo/HP_0000041;0.714285714;0.328871433;1;1;1;0;0;4;4
http://purl.obolibrary.org/obo/MP_0003660;http://purl.obolibrary.org/obo/HP_0010310;0.8;0.333109767;1;1;1;0;0;4;4
http://purl.obolibrary.org/obo/MP_0030116;http://purl.obolibrary.org/obo/HP_0000456;0.833333333;0.333303068;1;1;1;0;0;0;4
http://purl.obolibrary.org/obo/MP_0006050;http://purl.obolibrary.org/obo/HP_0002206;0.866666667;0.333331826;1;0;0.577350269;0;0;4;4
http://purl.obolibrary.org/obo/MP_0010455;http://purl.obolibrary.org/obo/HP_0011604;0.933333333;0.499999168;1;1;1;0;0;4;4
http://purl.obolibrary.org/obo/MP_0003317;http://purl.obolibrary.org/obo/HP_0005218;0.928571429;0.49999774;1;1;1;0;0;4;4
http://purl.obolibrary.org/obo/MP_0030618;http://purl.obolibrary.org/obo/HP_0003361;0.909090909;0.499954602;1;1;1;0;0;0;4
http://purl.obolibrary.org/obo/MP_0003612;http://purl.obolibrary.org/obo/HP_0000048;0.846153846;0.333322199;1;1;1;0;0;4;4
http://purl.obolibrary.org/obo/MP_0009819;http://purl.obolibrary.org/obo/HP_0030347;0.941176471;0.499999887;1;0;0.713793183;0;0;4;4
http://purl.obolibrary.org/obo/MP_0003452;http://purl.obolibrary.org/obo/HP_0000197;0.9375;0.499999694;1;0;0.428293076;0;0;2;4
http://purl.obolibrary.org/obo/MP_0003446;http://purl.obolibrary.org/obo/HP_0000089;0.846153846;0.333322199;1;0;0;0;0;4;4
http://purl.obolibrary.org/obo/MP_0011492;http://purl.obolibrary.org/obo/HP_0030735;0.9375;0.499999694;1;1;1;0;0;4;4
http://purl.obolibrary.org/obo/MP_0005152;http://purl.obolibrary.org/obo/HP_0001876;0.9;0.499876605;1;0;0;0;0;4;4
http://purl.obolibrary.org/obo/MP_0006120;http://purl.obolibrary.org/obo/HP_0001634;0.846153846;0.333322199;1;0;0;0;0;4;4
http://purl.obolibrary.org/obo/MP_0000315;http://purl.obolibrary.org/obo/HP_0003641;0.846153846;0.333322199;1;0;0;0;0;4;4
http://purl.obolibrary.org/obo/MP_0012730;http://purl.obolibrary.org/obo/HP_3000062;0.944444444;0.499999959;1;0;0.476645858;0;0;2;4
http://purl.obolibrary.org/obo/MP_0012400;http://purl.obolibrary.org/obo/HP_0008404;0.857142857;0.333329237;1;0;0;0;0;4;4
http://purl.obolibrary.org/obo/MP_0013545;http://purl.obolibrary.org/obo/HP_0410005;0.833333333;0.333303068;1;0;0.100503782;1;0;4;3
http://purl.obolibrary.org/obo/MP_0000644;http://purl.obolibrary.org/obo/HP_0001651;0.9;0.499876605;1;0;0;0;0;4;4
http://purl.obolibrary.org/obo/MP_0010177;http://purl.obolibrary.org/obo/HP_0001927;0.9;0.499876605;1;1;1;0;0;4;4
http://purl.obolibrary.org/obo/MP_0003369;http://purl.obolibrary.org/obo/HP_0025132;0.941176471;0.499999887;1;0;0.243432248;0;0;4;4
http://purl.obolibrary.org/obo/MP_0003901;http://purl.obolibrary.org/obo/HP_0031593;0.933333333;0.499999168;1;0;0.966091783;0;0;0;4
http://purl.obolibrary.org/obo/MP_0010602;http://purl.obolibrary.org/obo/HP_0031566;0.944444444;0.499999959;1;0.25;0.821583836;0;0;0;4
http://purl.obolibrary.org/obo/MP_0003595;http://purl.obolibrary.org/obo/HP_0030424;0.846153846;0.333322199;1;1;1;0;0;4;4
http://purl.obolibrary.org/obo/MP_0002078;http://purl.obolibrary.org/obo/HP_0011014;0.941176471;0.499999887;1;0.048192771;0.162063557;1;0;4;3
http://purl.obolibrary.org/obo/MP_0002446;http://purl.obolibrary.org/obo/HP_0004311;0.933333333;0.499999168;1;0;0.325137334;0;0;0;4
http://purl.obolibrary.org/obo/MP_0003363;http://purl.obolibrary.org/obo/HP_0030339;0.941176471;0.499999887;1;0.5;0.969331267;0;0;4;4
http://purl.obolibrary.org/obo/MP_0011362;http://purl.obolibrary.org/obo/HP_0011742;0.928571429;0.49999774;1;1;1;0;0;4;4
http://purl.obolibrary.org/obo/MP_0003758;http://purl.obolibrary.org/obo/HP_0000189;0.818181818;0.33325107;1;0;0;0;0;4;4
http://purl.obolibrary.org/obo/MP_0008246;http://purl.obolibrary.org/obo/HP_0001881;0.944444444;0.499999959;1;0.011544012;0.43618365;0;0;0;4
http://purl.obolibrary.org/obo/MP_0000519;http://purl.obolibrary.org/obo/HP_0000126;0.909090909;0.499954602;1;1;1;0;0;4;4
http://purl.obolibrary.org/obo/MP_0030141;http://purl.obolibrary.org/obo/HP_0007209;0.818181818;0.33325107;1;1;1;0;0;0;4
http://purl.obolibrary.org/obo/MP_0003311;http://purl.obolibrary.org/obo/HP_0003355;0.9;0.499876605;1;0.125;0.391678287;1;0;4;3
http://purl.obolibrary.org/obo/MP_0000160;http://purl.obolibrary.org/obo/HP_0002808;0.75;0.331684918;1;0;0;0;0;4;4
http://purl.obolibrary.org/obo/MP_0004319;http://purl.obolibrary.org/obo/HP_0011455;0.909090909;0.499954602;1;1;1;0;0;4;4
http://purl.obolibrary.org/obo/MP_0001890;http://purl.obolibrary.org/obo/HP_0002323;0.888888889;0.49966465;1;0;0;0;0;4;4
http://purl.obolibrary.org/obo/MP_0011227;http://purl.obolibrary.org/obo/HP_0040126;0.9375;0.499999694;1;0;0;0;0;2;4
http://purl.obolibrary.org/obo/MP_0010467;http://purl.obolibrary.org/obo/HP_0004961;0.875;0.333332779;1;1;1;0;0;4;4
http://purl.obolibrary.org/obo/MP_0030087;http://purl.obolibrary.org/obo/HP_0009754;0.866666667;0.333331826;1;1;1;0;0;0;4
http://purl.obolibrary.org/obo/MP_0011749;http://purl.obolibrary.org/obo/HP_0032200;0.866666667;0.333331826;1;0;0;0;0;0;4
http://purl.obolibrary.org/obo/MP_0001340;http://purl.obolibrary.org/obo/HP_0000492;0.9375;0.499999694;1;0.037974684;0.336820504;1;0;0;3
http://purl.obolibrary.org/obo/MP_0000436;http://purl.obolibrary.org/obo/HP_0002457;0.933333333;0.499999168;1;0;0.676123404;0;0;4;4
http://purl.obolibrary.org/obo/MP_0006062;http://purl.obolibrary.org/obo/HP_0005345;0.9375;0.499999694;1;0.111111111;0.801100451;0;0;0;4
http://purl.obolibrary.org/obo/MP_0030795;http://purl.obolibrary.org/obo/HP_0001373;0.833333333;0.333303068;1;0.103448276;0.873923087;1;0;0;3
http://purl.obolibrary.org/obo/MP_0030417;http://purl.obolibrary.org/obo/HP_0004493;0.9375;0.499999694;1;0.666666667;0.866025404;0;0;0;4
http://purl.obolibrary.org/obo/MP_0002703;http://purl.obolibrary.org/obo/HP_0000091;0.9375;0.499999694;1;0;0.054873252;0;0;2;4
http://purl.obolibrary.org/obo/MP_0011737;http://purl.obolibrary.org/obo/HP_0025382;0.777777778;0.332725966;1;1;1;0;0;4;4
http://purl.obolibrary.org/obo/MP_0006034;http://purl.obolibrary.org/obo/HP_0002913;0.833333333;0.333303068;1;0;0;0;0;4;4
http://purl.obolibrary.org/obo/MP_0003717;http://purl.obolibrary.org/obo/HP_0000980;0.666666667;0.321342527;1;0;0;0;0;4;4
http://purl.obolibrary.org/obo/MP_0030290;http://purl.obolibrary.org/obo/HP_0031046;0.916666667;0.499983299;1;1;1;0;0;0;4
http://purl.obolibrary.org/obo/MP_0000482;http://purl.obolibrary.org/obo/HP_0003085;0.909090909;0.499954602;1;1;1;0;0;4;4
http://purl.obolibrary.org/obo/MP_0008145;http://purl.obolibrary.org/obo/HP_0012047;0.8;0.333109767;1;1;1;0;0;4;4
http://purl.obolibrary.org/obo/MP_0005302;http://purl.obolibrary.org/obo/HP_0000011;0.928571429;0.49999774;1;1;1;0;0;4;4
http://purl.obolibrary.org/obo/MP_0010484;http://purl.obolibrary.org/obo/HP_0001647;0.875;0.333332779;1;0;0;0;0;4;4
http://purl.obolibrary.org/obo/MP_0002827;http://purl.obolibrary.org/obo/HP_0031263;0.941176471;0.499999887;1;0.043478261;0.646409022;0;0;0;4
http://purl.obolibrary.org/obo/MP_0014053;http://purl.obolibrary.org/obo/HP_0011359;0.75;0.331684918;1;1;1;0;0;4;4
http://purl.obolibrary.org/obo/MP_0003415;http://purl.obolibrary.org/obo/HP_0200023;0.857142857;0.497527377;1;1;1;0;0;4;4
http://purl.obolibrary.org/obo/MP_0003272;http://purl.obolibrary.org/obo/HP_0002247;0.923076923;0.499993856;1;1;1;0;0;4;4
http://purl.obolibrary.org/obo/MP_0011082;http://purl.obolibrary.org/obo/HP_0030895;0.933333333;0.499999168;1;0.04;0.769809342;0;0;4;4
http://purl.obolibrary.org/obo/MP_0011876;http://purl.obolibrary.org/obo/HP_0030261;0.8;0.333109767;1;1;1;0;0;4;4
http://purl.obolibrary.org/obo/MP_0000611;http://purl.obolibrary.org/obo/HP_0000952;0.777777778;0.332725966;1;0;0;0;0;4;4
http://purl.obolibrary.org/obo/MP_0003261;http://purl.obolibrary.org/obo/HP_0002248;0.75;0.331684918;1;1;1;0;0;4;4
http://purl.obolibrary.org/obo/MP_0000565;http://purl.obolibrary.org/obo/HP_0012165;0.9;0.499876605;1;0;0;1;0;4;3
http://purl.obolibrary.org/obo/MP_0001559;http://purl.obolibrary.org/obo/HP_0003074;0.833333333;0.333303068;1;0;0;0;0;4;4
http://purl.obolibrary.org/obo/MP_0001828;http://purl.obolibrary.org/obo/HP_0410035;0.933333333;0.499999168;1;0;0.310529502;1;0;4;3
http://purl.obolibrary.org/obo/MP_0000288;http://purl.obolibrary.org/obo/HP_0001697;0.944444444;0.499999959;1;0.083333333;0.548482756;0;0;3;4
http://purl.obolibrary.org/obo/MP_0005202;http://purl.obolibrary.org/obo/HP_0001254;0.777777778;0.332725966;1;0;0;0;0;4;4
http://purl.obolibrary.org/obo/MP_0003314;http://purl.obolibrary.org/obo/HP_0001310;0.8;0.333109767;1;0;0;0;0;4;4
http://purl.obolibrary.org/obo/MP_0010033;http://purl.obolibrary.org/obo/HP_0100588;0.888888889;0.49966465;1;1;1;0;0;4;4
http://purl.obolibrary.org/obo/MP_0000130;http://purl.obolibrary.org/obo/HP_0100671;0.941176471;0.499999887;1;0;0.498853397;0;0;4;4
http://purl.obolibrary.org/obo/MP_0011403;http://purl.obolibrary.org/obo/HP_0012330;0.916666667;0.499983299;1;0;0;0;0;4;4
http://purl.obolibrary.org/obo/MP_0030100;http://purl.obolibrary.org/obo/HP_0011332;0.928571429;0.49999774;1;1;1;0;0;0;4
http://purl.obolibrary.org/obo/MP_0020404;http://purl.obolibrary.org/obo/HP_0003137;0.777777778;0.332725966;1;1;1;0;0;4;4
http://purl.obolibrary.org/obo/MP_0003267;http://purl.obolibrary.org/obo/HP_0002019;0.777777778;0.332725966;1;0;0.866025404;0;0;4;4
http://purl.obolibrary.org/obo/MP_0010146;http://purl.obolibrary.org/obo/HP_0001537;0.846153846;0.333322199;1;1;1;0;0;4;4
http://purl.obolibrary.org/obo/MP_0000753;http://purl.obolibrary.org/obo/HP_0003470;0.75;0.331684918;1;0.058823529;0.582695229;0;0;4;4
http://purl.obolibrary.org/obo/MP_0003807;http://purl.obolibrary.org/obo/HP_0012385;0.9;0.499876605;1;0;0;0;0;4;4
http://purl.obolibrary.org/obo/MP_0006125;http://purl.obolibrary.org/obo/HP_0001704;0.866666667;0.333331826;1;1;1;0;0;4;4
http://purl.obolibrary.org/obo/MP_0009860;http://purl.obolibrary.org/obo/HP_0009741;0.818181818;0.33325107;1;1;1;0;0;4;4
http://purl.obolibrary.org/obo/MP_0000069;http://purl.obolibrary.org/obo/HP_0002751;0.8;0.333109767;1;0;0;0;0;4;4
http://purl.obolibrary.org/obo/MP_0013262;http://purl.obolibrary.org/obo/HP_0410012;0.9375;0.499999694;1;0;0;0;0;2;4
http://purl.obolibrary.org/obo/MP_0003751;http://purl.obolibrary.org/obo/HP_0002745;0.909090909;0.499954602;1;1;1;0;0;4;4
http://purl.obolibrary.org/obo/MP_0010371;http://purl.obolibrary.org/obo/HP_0005483;0.941176471;0.499999887;1;0;0.621966322;0;0;0;4
http://purl.obolibrary.org/obo/MP_0009274;http://purl.obolibrary.org/obo/HP_0000557;0.818181818;0.33325107;1;1;1;0;0;4;4
http://purl.obolibrary.org/obo/MP_0001857;http://purl.obolibrary.org/obo/HP_0001701;0.8;0.333109767;1;0;0;0;0;4;4
http://purl.obolibrary.org/obo/MP_0005203;http://purl.obolibrary.org/obo/HP_0012630;0.95;0.499999994;1;0;0.421637021;0;0;2;4
http://purl.obolibrary.org/obo/MP_0001745;http://purl.obolibrary.org/obo/HP_0032362;0.9375;0.499999694;1;1;1;0;0;0;4
http://purl.obolibrary.org/obo/MP_0001422;http://purl.obolibrary.org/obo/HP_0030082;0.9375;0.499999694;1;0.105263158;0.115470054;0;0;4;4
http://purl.obolibrary.org/obo/MP_0001856;http://purl.obolibrary.org/obo/HP_0012819;0.818181818;0.33325107;1;1;1;0;0;4;4
http://purl.obolibrary.org/obo/MP_0002213;http://purl.obolibrary.org/obo/HP_0010459;0.928571429;0.49999774;1;1;1;0;0;4;4
http://purl.obolibrary.org/obo/MP_0014036;http://purl.obolibrary.org/obo/HP_0004401;0.909090909;0.499954602;1;1;1;0;0;4;4
http://purl.obolibrary.org/obo/MP_0000604;http://purl.obolibrary.org/obo/HP_0011034;0.777777778;0.332725966;1;0.071428571;0.164152697;0;0;4;4
http://purl.obolibrary.org/obo/MP_0013659;http://purl.obolibrary.org/obo/HP_0012130;0.944444444;0.499999959;1;0.009803922;0.367253018;1;0;0;3
http://purl.obolibrary.org/obo/MP_0002670;http://purl.obolibrary.org/obo/HP_0008707;0.846153846;0.333322199;1;1;1;0;0;4;4
http://purl.obolibrary.org/obo/MP_0004113;http://purl.obolibrary.org/obo/HP_0012303;0.9375;0.499999694;1;0.142857143;0.846590813;1;0;2;3
http://purl.obolibrary.org/obo/MP_0010402;http://purl.obolibrary.org/obo/HP_0001629;0.875;0.333332779;1;0.083333333;0.967675873;0;0;4;4
http://purl.obolibrary.org/obo/MP_0003205;http://purl.obolibrary.org/obo/HP_0000029;0.933333333;0.499999168;1;1;1;0;0;4;4
http://purl.obolibrary.org/obo/MP_0006291;http://purl.obolibrary.org/obo/HP_0007268;0.916666667;0.499983299;1;1;1;0;0;4;4
http://purl.obolibrary.org/obo/MP_0011767;http://purl.obolibrary.org/obo/HP_0000070;0.75;0.331684918;1;1;1;0;0;4;4
http://purl.obolibrary.org/obo/MP_0000685;http://purl.obolibrary.org/obo/HP_0032251;0.944444444;0.499999959;1;0.00974026;0.449546872;1;0;0;3
http://purl.obolibrary.org/obo/MP_0001867;http://purl.obolibrary.org/obo/HP_0012384;0.714285714;0.328871433;1;0;0;0;0;4;4
http://purl.obolibrary.org/obo/MP_0003158;http://purl.obolibrary.org/obo/HP_0002015;0.777777778;0.332725966;1;0;0;0;0;4;4
http://purl.obolibrary.org/obo/MP_0003319;http://purl.obolibrary.org/obo/HP_0010447;0.9;0.499876605;1;0;0;0;0;4;4
http://purl.obolibrary.org/obo/MP_0001189;http://purl.obolibrary.org/obo/HP_0200098;0.928571429;0.49999774;1;0;0;0;0;4;4
http://purl.obolibrary.org/obo/MP_0003656;http://purl.obolibrary.org/obo/HP_0020054;0.944444444;0.499999959;1;0;0.134852232;0;0;0;4
http://purl.obolibrary.org/obo/MP_0009792;http://purl.obolibrary.org/obo/HP_0001051;0.928571429;0.49999774;1;0;0;0;0;4;4
http://purl.obolibrary.org/obo/MP_0006194;http://purl.obolibrary.org/obo/HP_0001096;0.857142857;0.333329237;1;0;1;0;0;4;4
http://purl.obolibrary.org/obo/MP_0010469;http://purl.obolibrary.org/obo/HP_0031935;0.941176471;0.499999887;1;1;1;0;0;0;4
http://purl.obolibrary.org/obo/MP_0000163;http://purl.obolibrary.org/obo/HP_0002763;0.941176471;0.499999887;1;0;0.554610497;0;0;0;4
http://purl.obolibrary.org/obo/MP_0012171;http://purl.obolibrary.org/obo/HP_0001562;0.923076923;0.499993856;1;1;1;0;0;4;4
http://purl.obolibrary.org/obo/MP_0004070;http://purl.obolibrary.org/obo/HP_0031595;0.923076923;0.499993856;1;0;0.783349452;0;0;0;4
http://purl.obolibrary.org/obo/MP_0011464;http://purl.obolibrary.org/obo/HP_0031811;0.875;0.499088949;1;1;1;0;0;0;4
http://purl.obolibrary.org/obo/MP_0000674;http://purl.obolibrary.org/obo/HP_0000971;0.944444444;0.499999959;1;0;0.383065439;0;0;2;4
http://purl.obolibrary.org/obo/MP_0002690;http://purl.obolibrary.org/obo/HP_0002304;0.857142857;0.497527377;1;1;1;0;0;4;4
http://purl.obolibrary.org/obo/MP_0011538;http://purl.obolibrary.org/obo/HP_0012029;0.928571429;0.49999774;1;0;0.458864919;0;0;4;4
http://purl.obolibrary.org/obo/MP_0002006;http://purl.obolibrary.org/obo/HP_0002664;0.777777778;0.332725966;1;0;0.106248732;0;0;4;4
http://purl.obolibrary.org/obo/MP_0002745;http://purl.obolibrary.org/obo/HP_0006705;0.947368421;0.499999985;1;0.032786885;0.89038057;0;0;3;4
http://purl.obolibrary.org/obo/MP_0003991;http://purl.obolibrary.org/obo/HP_0002634;0.8;0.333109767;1;0;0.290232279;0;0;4;4
http://purl.obolibrary.org/obo/MP_0003259;http://purl.obolibrary.org/obo/HP_0002018;0.666666667;0.321342527;1;1;1;0;0;4;4
http://purl.obolibrary.org/obo/MP_0003280;http://purl.obolibrary.org/obo/HP_0000020;0.833333333;0.333303068;1;0;0;0;0;4;4
http://purl.obolibrary.org/obo/MP_0030613;http://purl.obolibrary.org/obo/HP_0003215;0.923076923;0.499993856;1;0.153846154;0.642824347;1;0;0;3
http://purl.obolibrary.org/obo/MP_0006164;http://purl.obolibrary.org/obo/HP_0000656;0.777777778;0.332725966;1;0;0;0;0;4;4
http://purl.obolibrary.org/obo/MP_0001954;http://purl.obolibrary.org/obo/HP_0002098;0.916666667;0.499983299;1;0;0;0;0;4;4
http://purl.obolibrary.org/obo/MP_0010462;http://purl.obolibrary.org/obo/HP_0004937;0.857142857;0.333329237;1;1;1;0;0;4;4
http://purl.obolibrary.org/obo/MP_0003348;http://purl.obolibrary.org/obo/HP_0040075;0.833333333;0.333303068;1;0;0;0;0;4;4
http://purl.obolibrary.org/obo/MP_0000003;http://purl.obolibrary.org/obo/HP_0009124;0.947368421;0.499999985;1;0.005952381;0.405493053;0;0;2;4
http://purl.obolibrary.org/obo/MP_0009445;http://purl.obolibrary.org/obo/HP_0002749;0.9;0.499876605;1;1;1;0;0;4;4
http://purl.obolibrary.org/obo/MP_0030327;http://purl.obolibrary.org/obo/HP_0012478;0.947368421;0.499999985;1;1;1;0;0;0;4
http://purl.obolibrary.org/obo/MP_0000066;http://purl.obolibrary.org/obo/HP_0000939;0.875;0.499088949;1;0;0;0;0;4;4
http://purl.obolibrary.org/obo/MP_0030037;http://purl.obolibrary.org/obo/HP_0000426;0.875;0.333332779;1;1;1;0;0;0;4
http://purl.obolibrary.org/obo/MP_0002064;http://purl.obolibrary.org/obo/HP_0001250;0.857142857;0.497527377;1;0.01010101;0.592946301;0;0;4;4
http://purl.obolibrary.org/obo/MP_0002320;http://purl.obolibrary.org/obo/HP_0002883;0.846153846;0.333322199;1;0;0;0;0;4;4
http://purl.obolibrary.org/obo/MP_0030418;http://purl.obolibrary.org/obo/HP_0005465;0.866666667;0.333331826;1;0.5;0.670820393;0;0;0;4
http://purl.obolibrary.org/obo/MP_0004699;http://purl.obolibrary.org/obo/HP_0009900;0.846153846;0.333322199;1;1;1;0;0;4;4
http://purl.obolibrary.org/obo/MP_0003828;http://purl.obolibrary.org/obo/HP_0100598;0.846153846;0.333322199;1;0;0;0;0;4;4
http://purl.obolibrary.org/obo/MP_0000751;http://purl.obolibrary.org/obo/HP_0003198;0.75;0.331684918;1;0;0;0;0;4;4
http://purl.obolibrary.org/obo/MP_0005503;http://purl.obolibrary.org/obo/HP_0100261;0.9375;0.499999694;1;0;0.030999356;0;0;4;4
http://purl.obolibrary.org/obo/MP_0001146;http://purl.obolibrary.org/obo/HP_0000035;0.941176471;0.499999887;1;0.010752688;0.348552666;0;0;0;4
http://purl.obolibrary.org/obo/MP_0004897;http://purl.obolibrary.org/obo/HP_0000362;0.888888889;0.49966465;1;1;1;0;0;4;4
http://purl.obolibrary.org/obo/MP_0003032;http://purl.obolibrary.org/obo/HP_0012417;0.777777778;0.332725966;1;1;1;0;0;4;4
http://purl.obolibrary.org/obo/MP_0001925;http://purl.obolibrary.org/obo/HP_0003251;0.833333333;0.333303068;1;1;1;0;0;4;4
http://purl.obolibrary.org/obo/MP_0000314;http://purl.obolibrary.org/obo/HP_0001981;0.875;0.499088949;1;1;1;0;0;4;4
http://purl.obolibrary.org/obo/MP_0010417;http://purl.obolibrary.org/obo/HP_0011681;0.941176471;0.499999887;1;1;1;0;0;4;4
http://purl.obolibrary.org/obo/MP_0012208;http://purl.obolibrary.org/obo/HP_0031821;0.954545455;0.499999999;1;0;0.831162774;0;0;0;4
http://purl.obolibrary.org/obo/MP_0003154;http://purl.obolibrary.org/obo/HP_0100736;0.941176471;0.499999887;1;0.12;0.437792667;0;0;4;4
http://purl.obolibrary.org/obo/MP_0005156;http://purl.obolibrary.org/obo/HP_0002067;0.818181818;0.33325107;1;1;1;0;0;0;4
http://purl.obolibrary.org/obo/MP_0002590;http://purl.obolibrary.org/obo/HP_0005518;0.875;0.333332779;1;1;1;0;0;4;4
http://purl.obolibrary.org/obo/MP_0001956;http://purl.obolibrary.org/obo/HP_0040213;0.75;0.331684918;1;1;1;0;0;4;4
http://purl.obolibrary.org/obo/MP_0010138;http://purl.obolibrary.org/obo/HP_0012089;0.714285714;0.328871433;1;0;0;0;0;4;4
http://purl.obolibrary.org/obo/MP_0012259;http://purl.obolibrary.org/obo/HP_0002435;0.777777778;0.332725966;1;0;0;0;0;4;4
http://purl.obolibrary.org/obo/MP_0011892;http://purl.obolibrary.org/obo/HP_0032385;0.944444444;0.499999959;1;0;0.625305399;0;0;0;4
http://purl.obolibrary.org/obo/MP_0030099;http://purl.obolibrary.org/obo/HP_0000324;0.846153846;0.333322199;1;0.2;0.685994341;0;1;0;2
http://purl.obolibrary.org/obo/MP_0011763;http://purl.obolibrary.org/obo/HP_0500006;0.75;0.331684918;1;1;1;0;0;4;4
http://purl.obolibrary.org/obo/MP_0009600;http://purl.obolibrary.org/obo/HP_0025114;0.857142857;0.333329237;1;1;1;0;0;4;4
http://purl.obolibrary.org/obo/MP_0014151;http://purl.obolibrary.org/obo/HP_0007732;0.9375;0.499999694;1;1;1;0;0;4;4
http://purl.obolibrary.org/obo/MP_0005048;http://purl.obolibrary.org/obo/HP_0001977;0.923076923;0.499993856;1;0;0.548460047;0;0;4;4
http://purl.obolibrary.org/obo/MP_0008935;http://purl.obolibrary.org/obo/HP_0005537;0.9375;0.499999694;1;1;1;0;0;4;4
http://purl.obolibrary.org/obo/MP_0002596;http://purl.obolibrary.org/obo/HP_0031850;0.928571429;0.49999774;1;0.333333333;0.833333333;0;0;0;4
http://purl.obolibrary.org/obo/MP_0003320;http://purl.obolibrary.org/obo/HP_0000143;0.875;0.333332779;1;1;1;0;0;4;4
http://purl.obolibrary.org/obo/MP_0000031;http://purl.obolibrary.org/obo/HP_0000375;0.933333333;0.499999168;1;0;0.203139332;0;0;2;4
http://purl.obolibrary.org/obo/MP_0003769;http://purl.obolibrary.org/obo/HP_0000159;0.928571429;0.49999774;1;0.034482759;0.856457958;0;0;0;4
http://purl.obolibrary.org/obo/MP_0013807;http://purl.obolibrary.org/obo/HP_0007430;0.833333333;0.333303068;1;1;1;0;0;4;4
http://purl.obolibrary.org/obo/MP_0012051;http://purl.obolibrary.org/obo/HP_0001257;0.875;0.499088949;1;0;0.051639778;0;0;4;4
http://purl.obolibrary.org/obo/MP_0020289;http://purl.obolibrary.org/obo/HP_0020037;0.8;0.48201379;1;1;1;0;0;0;4
http://purl.obolibrary.org/obo/MP_0008037;http://purl.obolibrary.org/obo/HP_0002843;0.9375;0.499999694;1;0.007117438;0.482481486;0;0;0;4
http://purl.obolibrary.org/obo/MP_0013658;http://purl.obolibrary.org/obo/HP_0020047;0.941176471;0.499999887;1;0.008474576;0.542046868;1;0;0;3
http://purl.obolibrary.org/obo/MP_0008986;http://purl.obolibrary.org/obo/HP_0030146;0.941176471;0.499999887;1;0;0.333797263;0;0;4;4
http://purl.obolibrary.org/obo/MP_0003882;http://purl.obolibrary.org/obo/HP_0030850;0.923076923;0.499993856;1;0;0.8;0;0;4;4
http://purl.obolibrary.org/obo/MP_0002728;http://purl.obolibrary.org/obo/HP_0009556;0.888888889;0.49966465;1;1;1;0;0;4;4
http://purl.obolibrary.org/obo/MP_0004161;http://purl.obolibrary.org/obo/HP_0011588;0.916666667;0.499983299;1;1;1;0;0;4;4
http://purl.obolibrary.org/obo/MP_0006168;http://purl.obolibrary.org/obo/HP_0000537;0.928571429;0.49999774;1;1;1;0;0;4;4
http://purl.obolibrary.org/obo/MP_0003945;http://purl.obolibrary.org/obo/HP_0031409;0.944444444;0.499999959;1;0.031111111;0.53764966;0;0;0;4
http://purl.obolibrary.org/obo/MP_0002249;http://purl.obolibrary.org/obo/HP_0025423;0.928571429;0.49999774;1;0.036363636;0.512767136;0;0;4;4
http://purl.obolibrary.org/obo/MP_0030072;http://purl.obolibrary.org/obo/HP_0000311;0.818181818;0.33325107;1;1;1;0;0;0;4
http://purl.obolibrary.org/obo/MP_0030078;http://purl.obolibrary.org/obo/HP_0100663;0.75;0.331684918;1;1;1;0;0;0;4
http://purl.obolibrary.org/obo/MP_0010532;http://purl.obolibrary.org/obo/HP_0006681;0.9375;0.499999694;1;1;1;0;0;4;4
http://purl.obolibrary.org/obo/MP_0005083;http://purl.obolibrary.org/obo/HP_0012440;0.9375;0.499999694;1;0.017241379;0.313023755;1;0;4;3
http://purl.obolibrary.org/obo/MP_0003899;http://purl.obolibrary.org/obo/HP_0031547;0.933333333;0.499999168;1;0.5;0.834622326;0;0;0;4
http://purl.obolibrary.org/obo/MP_0003593;http://purl.obolibrary.org/obo/HP_0008716;0.9375;0.499999694;1;1;1;0;0;4;4
http://purl.obolibrary.org/obo/MP_0003376;http://purl.obolibrary.org/obo/HP_0000141;0.875;0.499088949;1;0;0;0;0;4;4
http://purl.obolibrary.org/obo/MP_0004893;http://purl.obolibrary.org/obo/HP_0030685;0.933333333;0.499999168;1;1;1;0;0;4;4
http://purl.obolibrary.org/obo/MP_0030933;http://purl.obolibrary.org/obo/HP_0011886;0.857142857;0.497527377;1;1;1;0;0;0;4
http://purl.obolibrary.org/obo/MP_0009553;http://purl.obolibrary.org/obo/HP_0100788;0.8;0.333109767;1;1;1;0;0;4;4
http://purl.obolibrary.org/obo/MP_0002608;http://purl.obolibrary.org/obo/HP_0001899;0.928571429;0.49999774;1;1;1;0;0;4;4
http://purl.obolibrary.org/obo/MP_0010427;http://purl.obolibrary.org/obo/HP_0011581;0.866666667;0.333331826;1;1;1;0;0;4;4
http://purl.obolibrary.org/obo/MP_0003321;http://purl.obolibrary.org/obo/HP_0002575;0.9375;0.499999694;1;1;1;0;0;4;4
http://purl.obolibrary.org/obo/MP_0000613;http://purl.obolibrary.org/obo/HP_0010286;0.941176471;0.499999887;1;0.01754386;0.576369062;0;0;0;4
http://purl.obolibrary.org/obo/MP_0010529;http://purl.obolibrary.org/obo/HP_0006574;0.888888889;0.333333258;1;1;1;0;0;4;4
http://purl.obolibrary.org/obo/MP_0010531;http://purl.obolibrary.org/obo/HP_0002629;0.875;0.333332779;1;0;0;0;0;4;4
http://purl.obolibrary.org/obo/MP_0000243;http://purl.obolibrary.org/obo/HP_0001336;0.777777778;0.332725966;1;0;0;0;0;4;4
http://purl.obolibrary.org/obo/MP_0004181;http://purl.obolibrary.org/obo/HP_0005344;0.944444444;0.499999959;1;0.048780488;0.805415884;0;0;0;4
http://purl.obolibrary.org/obo/MP_0006136;http://purl.obolibrary.org/obo/HP_0002619;0.909090909;0.499954602;1;0;0;0;0;4;4
http://purl.obolibrary.org/obo/MP_0005135;http://purl.obolibrary.org/obo/HP_0002925;0.95;0.499999994;1;0;0;0;0;4;4
http://purl.obolibrary.org/obo/MP_0006228;http://purl.obolibrary.org/obo/HP_0001089;0.909090909;0.499954602;1;1;1;0;0;4;4
http://purl.obolibrary.org/obo/MP_0005418;http://purl.obolibrary.org/obo/HP_0003117;0.941176471;0.499999887;1;0.083333333;0.929431977;1;0;4;3
http://purl.obolibrary.org/obo/MP_0009001;http://purl.obolibrary.org/obo/HP_0012386;0.916666667;0.499983299;1;1;1;0;0;4;4
http://purl.obolibrary.org/obo/MP_0001958;http://purl.obolibrary.org/obo/HP_0002097;0.875;0.499088949;1;1;1;0;0;4;4
http://purl.obolibrary.org/obo/MP_0002905;http://purl.obolibrary.org/obo/HP_0031817;0.95;0.499999994;1;1;1;0;0;0;4
http://purl.obolibrary.org/obo/MP_0002708;http://purl.obolibrary.org/obo/HP_0000787;0.833333333;0.333303068;1;0;0;0;0;4;4
http://purl.obolibrary.org/obo/MP_0030205;http://purl.obolibrary.org/obo/HP_0009746;0.933333333;0.499999168;1;1;1;0;0;0;4
http://purl.obolibrary.org/obo/MP_0003260;http://purl.obolibrary.org/obo/HP_0002013;0.75;0.331684918;1;0;0;1;0;4;3
http://purl.obolibrary.org/obo/MP_0010768;http://purl.obolibrary.org/obo/HP_0040006;0.769230769;0.249977301;1;0;0.026347655;0;0;4;4
http://purl.obolibrary.org/obo/MP_0005264;http://purl.obolibrary.org/obo/HP_0000096;0.818181818;0.33325107;1;0;0;0;0;4;4
http://purl.obolibrary.org/obo/MP_0002639;http://purl.obolibrary.org/obo/HP_0000347;0.818181818;0.33325107;1;0;0;0;0;4;4
http://purl.obolibrary.org/obo/MP_0002599;http://purl.obolibrary.org/obo/HP_0011877;0.882352941;0.333333129;1;0.5;0.816496581;0;0;4;4
http://purl.obolibrary.org/obo/MP_0003900;http://purl.obolibrary.org/obo/HP_0012232;0.875;0.333332779;1;1;1;0;0;4;4
http://purl.obolibrary.org/obo/MP_0004892;http://purl.obolibrary.org/obo/HP_0030686;0.933333333;0.499999168;1;1;1;0;0;4;4
http://purl.obolibrary.org/obo/MP_0006165;http://purl.obolibrary.org/obo/HP_0000621;0.75;0.331684918;1;0;0;0;0;4;4
http://purl.obolibrary.org/obo/MP_0006086;http://purl.obolibrary.org/obo/HP_0045082;0.933333333;0.499999168;1;1;1;0;0;4;4
http://purl.obolibrary.org/obo/MP_0000161;http://purl.obolibrary.org/obo/HP_0002650;0.833333333;0.493307149;1;0;0;0;0;4;4
http://purl.obolibrary.org/obo/MP_0003282;http://purl.obolibrary.org/obo/HP_0002592;0.833333333;0.333303068;1;1;1;0;0;4;4
